2024-12-05T19:06:15,227.10000610351562
2024-12-05T19:06:24,226.89999389648438
2024-12-05T19:08:45,227.8000030517578
2024-12-05T19:08:55,227.8000030517578
2024-12-05T19:11:11,227.1999969482422
2024-12-05T19:11:21,228
2024-12-05T19:13:41,227.3000030517578
2024-12-05T19:13:51,227.5
2024-12-05T19:16:07,228.39999389648438
2024-12-05T19:16:17,227.6999969482422
2024-12-05T19:18:32,226.60000610351562
2024-12-05T19:18:42,226.8000030517578
2024-12-05T19:21:02,226.39999389648438
2024-12-05T19:21:12,226.10000610351562
2024-12-05T19:23:29,226.39999389648438
2024-12-05T19:23:39,226.5
2024-12-05T19:25:56,229.60000610351562
2024-12-05T19:26:06,229.39999389648438
2024-12-05T19:28:23,229.60000610351562
2024-12-05T19:28:33,229.39999389648438
2024-12-05T19:30:51,225
2024-12-05T19:31:01,224.89999389648438
2024-12-05T19:33:17,225.6999969482422
2024-12-05T19:33:27,226
2024-12-05T19:35:44,225.60000610351562
2024-12-05T19:35:54,225.39999389648438
2024-12-05T19:38:12,227
2024-12-05T19:38:22,226.89999389648438
2024-12-05T19:40:40,226.5
2024-12-05T19:40:50,226.5
2024-12-05T19:43:07,226.6999969482422
2024-12-05T19:43:17,226.60000610351562
2024-12-05T19:45:35,226.39999389648438
2024-12-05T19:45:45,226.39999389648438
2024-12-05T19:48:03,226.1999969482422
2024-12-05T19:48:13,230.6999969482422
2024-12-05T19:50:31,230
2024-12-05T19:50:41,230.3000030517578
2024-12-05T19:52:57,231
2024-12-05T19:53:07,229.89999389648438
2024-12-05T19:55:24,228.8000030517578
2024-12-05T19:55:34,226.6999969482422
2024-12-05T19:57:54,226.6999969482422
2024-12-05T19:58:04,226.5
2024-12-05T20:00:23,224.3000030517578
2024-12-05T20:00:33,224.89999389648438
2024-12-05T20:02:48,224.1999969482422
2024-12-05T20:02:58,224.5
2024-12-05T20:05:13,223.10000610351562
2024-12-05T20:05:23,223
2024-12-05T20:07:41,223.1999969482422
2024-12-05T20:07:51,223.3000030517578
2024-12-05T20:10:09,224.10000610351562
2024-12-05T20:10:19,224.10000610351562
2024-12-05T20:12:37,224
2024-12-05T20:12:47,224.3000030517578
2024-12-05T20:15:04,223.8000030517578
2024-12-05T20:15:14,223.89999389648438
2024-12-05T20:17:31,224
2024-12-05T20:17:41,223.89999389648438
2024-12-05T20:20:01,224.89999389648438
2024-12-05T20:20:11,225.1999969482422
2024-12-05T20:22:31,226.3000030517578
2024-12-05T20:22:41,226.39999389648438
2024-12-05T20:25:00,227.3000030517578
2024-12-05T20:25:10,226.8000030517578
2024-12-05T20:27:23,227.8000030517578
2024-12-05T20:27:33,227.5
2024-12-05T20:29:50,224.10000610351562
2024-12-05T20:30:00,224.10000610351562
2024-12-05T20:32:18,223.89999389648438
2024-12-05T20:32:28,224.10000610351562
2024-12-05T20:34:45,227.5
2024-12-05T20:34:55,227.5
2024-12-05T20:37:10,227.5
2024-12-05T20:37:20,227.5
2024-12-05T20:39:37,229.89999389648438
2024-12-05T20:39:47,229.6999969482422
2024-12-05T20:42:04,226.1999969482422
2024-12-05T20:42:14,226.39999389648438
2024-12-05T20:44:31,226.6999969482422
2024-12-05T20:44:41,226.6999969482422
2024-12-05T20:46:58,230.1999969482422
2024-12-05T20:47:08,229
2024-12-05T20:49:24,223.1999969482422
2024-12-05T20:49:34,223.5
2024-12-05T20:51:54,223.5
2024-12-05T20:52:04,224
2024-12-05T20:54:21,225.39999389648438
2024-12-05T20:54:31,225.5
2024-12-05T20:56:49,225.6999969482422
2024-12-05T20:56:59,225.5
2024-12-05T20:59:18,225.3000030517578
2024-12-05T20:59:28,225.5
2024-12-05T21:01:43,224.5
2024-12-05T21:01:53,224.5
2024-12-05T21:04:11,226.5
2024-12-05T21:04:21,226.5
2024-12-05T21:06:38,226.5
2024-12-05T21:06:48,227.1999969482422
2024-12-05T21:09:05,223.60000610351562
2024-12-05T21:09:15,223.5
2024-12-05T21:11:31,226.8000030517578
2024-12-05T21:11:41,226.8000030517578
2024-12-05T21:14:00,227.39999389648438
2024-12-05T21:14:10,227.8000030517578
2024-12-05T21:16:28,227.6999969482422
2024-12-05T21:16:38,227.8000030517578
2024-12-05T21:18:58,228.8000030517578
2024-12-05T21:19:08,228.8000030517578
2024-12-05T21:21:25,227.60000610351562
2024-12-05T21:21:35,227.6999969482422
2024-12-05T21:23:51,228.10000610351562
2024-12-05T21:24:01,228
2024-12-05T21:26:19,228
2024-12-05T21:26:29,227.5
2024-12-05T21:28:47,228.5
2024-12-05T21:28:57,228.3000030517578
2024-12-05T21:31:15,230.3000030517578
2024-12-05T21:31:25,230.1999969482422
2024-12-05T21:33:43,230.39999389648438
2024-12-05T21:33:53,230.5
2024-12-05T21:36:11,231
2024-12-05T21:36:21,231.10000610351562
2024-12-05T21:38:39,228.60000610351562
2024-12-05T21:38:49,228.8000030517578
2024-12-05T21:38:58,228.60000610351562
2024-12-05T21:39:08,228.60000610351562
2024-12-05T21:41:25,228.10000610351562
2024-12-05T21:41:35,228.10000610351562
2024-12-05T21:43:52,227.5
2024-12-05T21:44:02,227.89999389648438
2024-12-05T21:46:20,227.6999969482422
2024-12-05T21:46:30,227.10000610351562
2024-12-05T21:48:48,227.8000030517578
2024-12-05T21:48:58,228
2024-12-05T21:51:18,228.3000030517578
2024-12-05T21:51:28,228.5
2024-12-05T21:53:45,228.10000610351562
2024-12-05T21:53:55,228.39999389648438
2024-12-05T21:56:12,229.10000610351562
2024-12-05T21:56:22,229.10000610351562
2024-12-05T21:58:40,230
2024-12-05T21:58:50,229.89999389648438
2024-12-05T22:01:07,228.10000610351562
2024-12-05T22:01:17,228.60000610351562
2024-12-05T22:03:34,229.5
2024-12-05T22:03:44,228.5
2024-12-05T22:06:03,229.3000030517578
2024-12-05T22:06:13,229.1999969482422
2024-12-05T22:08:31,230.10000610351562
2024-12-05T22:08:41,230.39999389648438
2024-12-05T22:10:59,227.5
2024-12-05T22:11:09,227
2024-12-05T22:13:27,228.10000610351562
2024-12-05T22:13:37,228.39999389648438
2024-12-05T22:15:54,227.5
2024-12-05T22:16:04,228
2024-12-05T22:18:22,227.60000610351562
2024-12-05T22:18:32,227.8000030517578
2024-12-05T22:20:50,227
2024-12-05T22:21:00,227.10000610351562
2024-12-05T22:23:17,227.6999969482422
2024-12-05T22:23:27,227.89999389648438
2024-12-05T22:25:46,226.6999969482422
2024-12-05T22:25:56,226.8000030517578
2024-12-05T22:28:14,225.5
2024-12-05T22:28:24,225.3000030517578
2024-12-05T22:30:41,226.6999969482422
2024-12-05T22:30:51,226.6999969482422
2024-12-05T22:33:08,227.1999969482422
2024-12-05T22:33:18,227.5
2024-12-05T22:35:39,226.89999389648438
2024-12-05T22:35:49,226.89999389648438
2024-12-05T22:38:06,227.1999969482422
2024-12-05T22:38:16,227.1999969482422
2024-12-05T22:40:35,228.10000610351562
2024-12-05T22:40:45,228.39999389648438
2024-12-05T22:42:53,227.39999389648438
2024-12-05T22:43:03,227.60000610351562
2024-12-05T22:45:20,227.39999389648438
2024-12-05T22:45:30,227.5
2024-12-05T22:47:48,227.1999969482422
2024-12-05T22:47:58,227.10000610351562
2024-12-05T22:50:16,227.6999969482422
2024-12-05T22:50:26,227.89999389648438
2024-12-05T22:52:44,228.39999389648438
2024-12-05T22:52:54,228.3000030517578
2024-12-05T22:55:11,226.3000030517578
2024-12-05T22:55:21,226.1999969482422
2024-12-05T22:57:38,224.89999389648438
2024-12-05T22:57:48,224.89999389648438
2024-12-05T23:00:06,226.1999969482422
2024-12-05T23:00:16,226
2024-12-05T23:02:33,226
2024-12-05T23:02:43,226.3000030517578
2024-12-05T23:05:03,225.8000030517578
2024-12-05T23:05:13,225.89999389648438
2024-12-05T23:07:30,226
2024-12-05T23:07:40,226.10000610351562
2024-12-05T23:09:58,226.39999389648438
2024-12-05T23:10:08,226.5
2024-12-05T23:12:24,225.60000610351562
2024-12-05T23:12:34,225.8000030517578
2024-12-05T23:14:51,225.3000030517578
2024-12-05T23:15:01,225.39999389648438
2024-12-05T23:17:22,223.60000610351562
2024-12-05T23:17:32,223.5
2024-12-05T23:19:50,225.60000610351562
2024-12-05T23:20:00,225.39999389648438
2024-12-05T23:22:18,225
2024-12-05T23:22:28,225.10000610351562
2024-12-05T23:24:45,225
2024-12-05T23:24:55,225.1999969482422
2024-12-05T23:27:14,224.6999969482422
2024-12-05T23:27:24,224.8000030517578
2024-12-05T23:29:42,225.60000610351562
2024-12-05T23:29:52,226.1999969482422
2024-12-05T23:32:11,225.60000610351562
2024-12-05T23:32:21,225.39999389648438
2024-12-05T23:34:36,226.3000030517578
2024-12-05T23:34:46,226.39999389648438
2024-12-05T23:37:06,226.10000610351562
2024-12-05T23:37:16,226.1999969482422
2024-12-05T23:39:35,226.10000610351562
2024-12-05T23:39:45,225.89999389648438
2024-12-05T23:42:05,226.10000610351562
2024-12-05T23:42:15,226.3000030517578
2024-12-05T23:44:32,226.5
2024-12-05T23:44:42,226.8000030517578
2024-12-05T23:46:57,226.1999969482422
2024-12-05T23:47:07,226.60000610351562
2024-12-05T23:49:25,226.3000030517578
2024-12-05T23:49:35,226.3000030517578
2024-12-05T23:51:53,227.89999389648438
2024-12-05T23:52:03,227.8000030517578
2024-12-05T23:54:20,227.3000030517578
2024-12-05T23:54:30,227.3000030517578
2024-12-05T23:56:50,227
2024-12-05T23:57:00,227
2024-12-05T23:59:17,228.39999389648438
2024-12-05T23:59:27,228.5
2024-12-06T00:01:45,226.89999389648438
2024-12-06T00:01:55,227
2024-12-06T00:04:12,227.6999969482422
2024-12-06T00:04:22,227.8000030517578
2024-12-06T00:06:39,227.1999969482422
2024-12-06T00:06:49,227.5
2024-12-06T00:09:06,225.60000610351562
2024-12-06T00:09:16,225.60000610351562
2024-12-06T00:11:33,225.1999969482422
2024-12-06T00:11:43,225.3000030517578
2024-12-06T00:13:59,225.1999969482422
2024-12-06T00:14:09,225.6999969482422
2024-12-06T00:16:26,224.60000610351562
2024-12-06T00:16:36,224.89999389648438
2024-12-06T00:18:54,225.8000030517578
2024-12-06T00:19:04,224
2024-12-06T00:21:21,222
2024-12-06T00:21:31,221.6999969482422
2024-12-06T00:23:46,221.6999969482422
2024-12-06T00:23:56,221.39999389648438
2024-12-06T00:26:13,221.8000030517578
2024-12-06T00:26:23,221.8000030517578
2024-12-06T00:28:31,222
2024-12-06T00:28:41,222.1999969482422
2024-12-06T00:30:59,221.5
2024-12-06T00:31:09,221.8000030517578
2024-12-06T00:33:27,221.10000610351562
2024-12-06T00:33:37,220.6999969482422
2024-12-06T00:35:54,222.1999969482422
2024-12-06T00:36:04,222.10000610351562
2024-12-06T00:38:23,222.6999969482422
2024-12-06T00:38:33,222.39999389648438
2024-12-06T00:40:50,223.5
2024-12-06T00:41:00,223.60000610351562
2024-12-06T00:43:19,224
2024-12-06T00:43:29,224.1999969482422
2024-12-06T00:45:46,224.60000610351562
2024-12-06T00:45:56,224.3000030517578
2024-12-06T00:48:12,226.8000030517578
2024-12-06T00:48:22,226.89999389648438
2024-12-06T00:50:40,226.39999389648438
2024-12-06T00:50:50,226.8000030517578
2024-12-06T00:53:07,227.3000030517578
2024-12-06T00:53:17,226.8000030517578
2024-12-06T00:55:39,224.5
2024-12-06T00:55:49,224.5
2024-12-06T00:58:08,224.6999969482422
2024-12-06T00:58:18,225
2024-12-06T01:00:35,224.60000610351562
2024-12-06T01:00:45,224.1999969482422
2024-12-06T01:03:01,225.1999969482422
2024-12-06T01:03:11,225.39999389648438
2024-12-06T01:05:28,223.3000030517578
2024-12-06T01:05:38,223.10000610351562
2024-12-06T01:07:53,221.1999969482422
2024-12-06T01:08:03,221.60000610351562
2024-12-06T01:10:19,222.1999969482422
2024-12-06T01:10:29,222
2024-12-06T01:12:46,222.8000030517578
2024-12-06T01:12:56,221.89999389648438
2024-12-06T01:15:14,223.10000610351562
2024-12-06T01:15:24,223.10000610351562
2024-12-06T01:17:40,222.3000030517578
2024-12-06T01:17:50,222.3000030517578
2024-12-06T01:20:11,222.5
2024-12-06T01:20:21,222.3000030517578
2024-12-06T01:22:39,223.1999969482422
2024-12-06T01:22:49,223.10000610351562
2024-12-06T01:25:07,223.3000030517578
2024-12-06T01:25:17,223.1999969482422
2024-12-06T01:27:34,220.1999969482422
2024-12-06T01:27:44,219.8000030517578
2024-12-06T01:30:02,223.89999389648438
2024-12-06T01:30:12,223.89999389648438
2024-12-06T01:32:30,228.1999969482422
2024-12-06T01:32:40,228.3000030517578
2024-12-06T01:34:57,228.60000610351562
2024-12-06T01:35:07,228.3000030517578
2024-12-06T01:37:24,225.89999389648438
2024-12-06T01:37:34,226.10000610351562
2024-12-06T01:39:47,226
2024-12-06T01:39:57,224.89999389648438
2024-12-06T01:42:13,224.39999389648438
2024-12-06T01:42:23,224.10000610351562
2024-12-06T01:44:41,224.8000030517578
2024-12-06T01:44:51,224.39999389648438
2024-12-06T01:47:13,224.6999969482422
2024-12-06T01:47:23,224.6999969482422
2024-12-06T01:49:33,224.39999389648438
2024-12-06T01:49:43,224.3000030517578
2024-12-06T01:52:00,224.5
2024-12-06T01:52:10,224.39999389648438
2024-12-06T01:54:28,223.5
2024-12-06T01:54:38,223.5
2024-12-06T01:56:54,222.8000030517578
2024-12-06T01:57:04,222.6999969482422
2024-12-06T01:59:21,222.1999969482422
2024-12-06T01:59:31,223
2024-12-06T02:01:48,222.8000030517578
2024-12-06T02:01:58,222.8000030517578
2024-12-06T02:04:15,222.6999969482422
2024-12-06T02:04:25,222.60000610351562
2024-12-06T02:06:42,223.10000610351562
2024-12-06T02:06:52,223.1999969482422
2024-12-06T02:09:11,223.39999389648438
2024-12-06T02:09:21,223.8000030517578
2024-12-06T02:11:38,223.39999389648438
2024-12-06T02:11:48,223.5
2024-12-06T02:14:05,223.8000030517578
2024-12-06T02:14:15,223.8000030517578
2024-12-06T02:16:34,222.8000030517578
2024-12-06T02:16:44,222.6999969482422
2024-12-06T02:19:04,224.8000030517578
2024-12-06T02:19:14,224.1999969482422
2024-12-06T02:21:32,224.39999389648438
2024-12-06T02:21:42,224.39999389648438
2024-12-06T02:24:02,225.60000610351562
2024-12-06T02:24:12,225.60000610351562
2024-12-06T02:26:31,225.1999969482422
2024-12-06T02:26:41,225.10000610351562
2024-12-06T02:28:57,224.6999969482422
2024-12-06T02:29:07,224.6999969482422
2024-12-06T02:31:24,224.3000030517578
2024-12-06T02:31:34,224.5
2024-12-06T02:33:56,224.10000610351562
2024-12-06T02:34:06,224.10000610351562
2024-12-06T02:36:23,224.10000610351562
2024-12-06T02:36:33,223.8000030517578
2024-12-06T02:38:49,226.60000610351562
2024-12-06T02:38:59,226.6999969482422
2024-12-06T02:41:07,226.5
2024-12-06T02:41:17,226.1999969482422
2024-12-06T02:43:34,227.5
2024-12-06T02:43:44,227.60000610351562
2024-12-06T02:45:55,224.10000610351562
2024-12-06T02:46:05,224.89999389648438
2024-12-06T02:48:21,225.60000610351562
2024-12-06T02:48:31,225.60000610351562
2024-12-06T02:50:47,225.10000610351562
2024-12-06T02:50:57,225.10000610351562
2024-12-06T02:53:12,225.10000610351562
2024-12-06T02:53:22,225
2024-12-06T02:55:40,224.8000030517578
2024-12-06T02:55:50,224.6999969482422
2024-12-06T02:58:08,223.89999389648438
2024-12-06T02:58:18,223.89999389648438
2024-12-06T03:00:33,225.1999969482422
2024-12-06T03:00:43,226.1999969482422
2024-12-06T03:03:00,225.5
2024-12-06T03:03:10,225.39999389648438
2024-12-06T03:05:28,224.5
2024-12-06T03:05:38,224.6999969482422
2024-12-06T03:07:57,224.39999389648438
2024-12-06T03:08:07,224.3000030517578
2024-12-06T03:10:23,224.89999389648438
2024-12-06T03:10:33,225.10000610351562
2024-12-06T03:12:49,225.6999969482422
2024-12-06T03:12:59,225.6999969482422
2024-12-06T03:15:19,225.89999389648438
2024-12-06T03:15:29,225.60000610351562
2024-12-06T03:17:48,225.8000030517578
2024-12-06T03:17:58,225.89999389648438
2024-12-06T03:20:14,225.6999969482422
2024-12-06T03:20:24,225.8000030517578
2024-12-06T03:22:41,225.60000610351562
2024-12-06T03:22:51,225.39999389648438
2024-12-06T03:25:09,225.5
2024-12-06T03:25:19,225.5
2024-12-06T03:27:27,224.1999969482422
2024-12-06T03:27:37,225.3000030517578
2024-12-06T03:29:53,224.8000030517578
2024-12-06T03:30:03,224.89999389648438
2024-12-06T03:32:20,225.1999969482422
2024-12-06T03:32:30,225.1999969482422
2024-12-06T03:34:47,226.10000610351562
2024-12-06T03:34:57,225.8000030517578
2024-12-06T03:37:14,225.89999389648438
2024-12-06T03:37:24,226
2024-12-06T03:39:43,225.3000030517578
2024-12-06T03:39:53,225.39999389648438
2024-12-06T03:42:13,224.6999969482422
2024-12-06T03:42:23,224.39999389648438
2024-12-06T03:44:40,223.5
2024-12-06T03:44:50,223.3000030517578
2024-12-06T03:47:06,223.5
2024-12-06T03:47:16,223.8000030517578
2024-12-06T03:49:33,223.60000610351562
2024-12-06T03:49:43,223.6999969482422
2024-12-06T03:52:00,223.3000030517578
2024-12-06T03:52:10,223.1999969482422
2024-12-06T03:54:30,223.10000610351562
2024-12-06T03:54:40,223.10000610351562
2024-12-06T03:56:56,226.89999389648438
2024-12-06T03:57:06,226.1999969482422
2024-12-06T03:59:22,226.6999969482422
2024-12-06T03:59:32,227.3000030517578
2024-12-06T04:01:49,226.6999969482422
2024-12-06T04:01:59,226.89999389648438
2024-12-06T04:04:14,225.3000030517578
2024-12-06T04:04:24,225.3000030517578
2024-12-06T04:06:42,222.60000610351562
2024-12-06T04:06:52,223.3000030517578
2024-12-06T04:09:10,222.8000030517578
2024-12-06T04:09:20,222.6999969482422
2024-12-06T04:11:41,222.6999969482422
2024-12-06T04:11:51,222.6999969482422
2024-12-06T04:14:08,223.5
2024-12-06T04:14:18,223.60000610351562
2024-12-06T04:16:35,224.3000030517578
2024-12-06T04:16:45,224.39999389648438
2024-12-06T04:19:02,223.89999389648438
2024-12-06T04:19:12,224
2024-12-06T04:21:29,223.6999969482422
2024-12-06T04:21:39,223.8000030517578
2024-12-06T04:23:59,223.5
2024-12-06T04:24:09,224
2024-12-06T04:26:26,222.89999389648438
2024-12-06T04:26:36,222.60000610351562
2024-12-06T04:28:51,223.6999969482422
2024-12-06T04:29:01,223.6999969482422
2024-12-06T04:31:18,223.6999969482422
2024-12-06T04:31:28,223.89999389648438
2024-12-06T04:33:44,224.89999389648438
2024-12-06T04:33:54,225
2024-12-06T04:36:11,225.89999389648438
2024-12-06T04:36:21,226
2024-12-06T04:38:38,226.3000030517578
2024-12-06T04:38:48,226
2024-12-06T04:41:05,225
2024-12-06T04:41:15,225
2024-12-06T04:43:32,225.3000030517578
2024-12-06T04:43:42,225.10000610351562
2024-12-06T04:45:59,225.3000030517578
2024-12-06T04:46:09,225.39999389648438
2024-12-06T04:48:26,225.5
2024-12-06T04:48:36,225.39999389648438
2024-12-06T04:50:53,224.6999969482422
2024-12-06T04:51:03,224.6999969482422
2024-12-06T04:53:22,224.6999969482422
2024-12-06T04:53:32,224.6999969482422
2024-12-06T04:55:49,224.8000030517578
2024-12-06T04:55:59,224.5
2024-12-06T04:58:16,224.8000030517578
2024-12-06T04:58:26,225.10000610351562
2024-12-06T05:00:43,225.10000610351562
2024-12-06T05:00:53,224.60000610351562
2024-12-06T05:03:01,227.8000030517578
2024-12-06T05:03:11,227.8000030517578
2024-12-06T05:05:28,227.1999969482422
2024-12-06T05:05:38,227.10000610351562
2024-12-06T05:07:55,226.89999389648438
2024-12-06T05:08:05,226.89999389648438
2024-12-06T05:10:23,224.89999389648438
2024-12-06T05:10:33,224.39999389648438
2024-12-06T05:12:50,225.5
2024-12-06T05:13:00,225.1999969482422
2024-12-06T05:15:18,225.10000610351562
2024-12-06T05:15:28,225.1999969482422
2024-12-06T05:17:45,224.3000030517578
2024-12-06T05:17:55,225.39999389648438
2024-12-06T05:20:12,225
2024-12-06T05:20:22,225
2024-12-06T05:22:40,225.10000610351562
2024-12-06T05:22:50,225.10000610351562
2024-12-06T05:25:10,223.89999389648438
2024-12-06T05:25:20,223.60000610351562
2024-12-06T05:27:35,224.1999969482422
2024-12-06T05:27:45,224.10000610351562
2024-12-06T05:30:09,224.60000610351562
2024-12-06T05:32:33,224.39999389648438
2024-12-06T05:34:50,223.89999389648438
2024-12-06T05:37:07,223.6999969482422
2024-12-06T05:37:17,223.8000030517578
2024-12-06T05:39:35,224.3000030517578
2024-12-06T05:39:45,224.3000030517578
2024-12-06T05:42:01,224.1999969482422
2024-12-06T05:42:11,224.10000610351562
2024-12-06T05:44:28,224.60000610351562
2024-12-06T05:44:38,224.39999389648438
2024-12-06T05:46:56,224.89999389648438
2024-12-06T05:47:06,225
2024-12-06T05:49:23,226.10000610351562
2024-12-06T05:49:33,226
2024-12-06T05:51:50,226
2024-12-06T05:52:00,225.60000610351562
2024-12-06T05:54:17,226.3000030517578
2024-12-06T05:56:40,226.10000610351562
2024-12-06T05:58:59,225.10000610351562
2024-12-06T05:59:09,225.1999969482422
2024-12-06T06:01:28,228.10000610351562
2024-12-06T06:03:43,228.6999969482422
2024-12-06T06:05:58,229.1999969482422
2024-12-06T06:06:08,229.10000610351562
2024-12-06T06:08:25,228.1999969482422
2024-12-06T06:08:35,228.10000610351562
2024-12-06T06:10:52,225.6999969482422
2024-12-06T06:13:07,226.89999389648438
2024-12-06T06:13:17,227.8000030517578
2024-12-06T06:15:26,227.39999389648438
2024-12-06T06:15:36,228.39999389648438
2024-12-06T06:17:53,228.1999969482422
2024-12-06T06:18:03,228.10000610351562
2024-12-06T06:20:20,227.60000610351562
2024-12-06T06:20:30,227.39999389648438
2024-12-06T06:22:45,226.89999389648438
2024-12-06T06:22:55,226.89999389648438
2024-12-06T06:25:14,225.1999969482422
2024-12-06T06:25:24,225.5
2024-12-06T06:27:43,226.89999389648438
2024-12-06T06:27:53,226.89999389648438
2024-12-06T06:30:13,227.60000610351562
2024-12-06T06:32:28,228.39999389648438
2024-12-06T06:32:38,228.39999389648438
2024-12-06T06:34:57,228.39999389648438
2024-12-06T06:35:07,228.5
2024-12-06T06:37:21,227.6999969482422
2024-12-06T06:37:31,228.8000030517578
2024-12-06T06:39:51,227.3000030517578
2024-12-06T06:40:01,227.5
2024-12-06T06:42:18,228.1999969482422
2024-12-06T06:42:28,228.1999969482422
2024-12-06T06:44:45,229.6999969482422
2024-12-06T06:44:55,229.6999969482422
2024-12-06T06:47:11,229.39999389648438
2024-12-06T06:47:21,229.1999969482422
2024-12-06T06:49:36,228.8000030517578
2024-12-06T06:49:46,229.3000030517578
2024-12-06T06:52:04,226.39999389648438
2024-12-06T06:52:14,226
2024-12-06T06:54:32,226.60000610351562
2024-12-06T06:54:42,226
2024-12-06T06:56:59,224.39999389648438
2024-12-06T06:57:09,224.5
2024-12-06T06:59:24,222.8000030517578
2024-12-06T06:59:34,222.6999969482422
2024-12-06T07:01:51,223.5
2024-12-06T07:02:01,223.39999389648438
2024-12-06T07:04:18,224.10000610351562
2024-12-06T07:04:28,224.1999969482422
2024-12-06T07:06:47,224.8000030517578
2024-12-06T07:06:57,224.5
2024-12-06T07:09:14,224.3000030517578
2024-12-06T07:09:24,224.5
2024-12-06T07:11:42,226.8000030517578
2024-12-06T07:11:52,227
2024-12-06T07:14:09,226.5
2024-12-06T07:14:19,225.5
2024-12-06T07:16:36,227.1999969482422
2024-12-06T07:16:46,228.1999969482422
2024-12-06T07:19:03,223.89999389648438
2024-12-06T07:19:13,224.89999389648438
2024-12-06T07:21:31,221.89999389648438
2024-12-06T07:21:41,222.39999389648438
2024-12-06T07:23:58,223.8000030517578
2024-12-06T07:24:09,223.8000030517578
2024-12-06T07:26:24,223.3000030517578
2024-12-06T07:26:34,223.1999969482422
2024-12-06T07:28:50,223.5
2024-12-06T07:28:59,223.39999389648438
2024-12-06T07:31:20,224.39999389648438
2024-12-06T07:31:30,224.1999969482422
2024-12-06T07:33:44,222.10000610351562
2024-12-06T07:33:54,222
2024-12-06T07:36:14,223.10000610351562
2024-12-06T07:36:23,223.3000030517578
2024-12-06T07:38:38,223.3000030517578
2024-12-06T07:38:49,223.5
2024-12-06T07:41:04,228.3000030517578
2024-12-06T07:41:14,227.8000030517578
2024-12-06T07:43:30,228.60000610351562
2024-12-06T07:43:40,228.3000030517578
2024-12-06T07:45:58,227.5
2024-12-06T07:46:08,227.39999389648438
2024-12-06T07:48:26,230.3000030517578
2024-12-06T07:48:35,229.89999389648438
2024-12-06T07:50:47,228.8000030517578
2024-12-06T07:50:58,228.89999389648438
2024-12-06T07:53:14,228.6999969482422
2024-12-06T07:53:24,229.60000610351562
2024-12-06T07:55:42,225.5
2024-12-06T07:55:51,224.5
2024-12-06T07:58:06,226.5
2024-12-06T07:58:16,226.5
2024-12-06T08:00:30,226.39999389648438
2024-12-06T08:00:41,226.39999389648438
2024-12-06T08:02:58,227.89999389648438
2024-12-06T08:03:08,227.3000030517578
2024-12-06T08:05:22,227.8000030517578
2024-12-06T08:05:32,227.8000030517578
2024-12-06T08:07:49,227.39999389648438
2024-12-06T08:07:59,227.39999389648438
2024-12-06T08:10:18,227.39999389648438
2024-12-06T08:10:28,227.8000030517578
2024-12-06T08:12:45,227.1999969482422
2024-12-06T08:12:55,228.10000610351562
2024-12-06T08:15:13,228.60000610351562
2024-12-06T08:15:23,228.39999389648438
2024-12-06T08:17:40,227.8000030517578
2024-12-06T08:17:50,228
2024-12-06T08:20:08,228.5
2024-12-06T08:20:18,228.3000030517578
2024-12-06T08:22:34,226.3000030517578
2024-12-06T08:22:44,226.1999969482422
2024-12-06T08:25:02,226.6999969482422
2024-12-06T08:25:12,226.60000610351562
2024-12-06T08:27:29,227.8000030517578
2024-12-06T08:27:39,228.10000610351562
2024-12-06T08:29:55,228.3000030517578
2024-12-06T08:30:05,227.8000030517578
2024-12-06T08:32:23,225.6999969482422
2024-12-06T08:32:33,225.60000610351562
2024-12-06T08:34:48,226.1999969482422
2024-12-06T08:34:58,227.6999969482422
2024-12-06T08:37:14,227.60000610351562
2024-12-06T08:37:24,227.5
2024-12-06T08:39:39,228.6999969482422
2024-12-06T08:39:49,228.8000030517578
2024-12-06T08:42:06,228.1999969482422
2024-12-06T08:42:16,228.6999969482422
2024-12-06T08:44:34,228
2024-12-06T08:44:44,228.3000030517578
2024-12-06T08:47:03,227.60000610351562
2024-12-06T08:47:13,227.89999389648438
2024-12-06T08:49:20,227.3000030517578
2024-12-06T08:49:30,227.3000030517578
2024-12-06T08:51:47,227.5
2024-12-06T08:51:57,227.5
2024-12-06T08:54:19,230.3000030517578
2024-12-06T08:54:29,230.3000030517578
2024-12-06T08:56:46,229.6999969482422
2024-12-06T08:56:56,229.89999389648438
2024-12-06T08:59:14,230
2024-12-06T08:59:24,230.10000610351562
2024-12-06T09:01:44,228.89999389648438
2024-12-06T09:01:54,229.3000030517578
2024-12-06T09:04:10,228.3000030517578
2024-12-06T09:04:20,227.89999389648438
2024-12-06T09:06:37,228.60000610351562
2024-12-06T09:06:47,228.60000610351562
2024-12-06T09:08:55,228.8000030517578
2024-12-06T09:09:05,228.60000610351562
2024-12-06T09:11:22,228.8000030517578
2024-12-06T09:11:32,228.8000030517578
2024-12-06T09:13:48,228.89999389648438
2024-12-06T09:13:58,229.1999969482422
2024-12-06T09:16:15,228.60000610351562
2024-12-06T09:16:25,228.8000030517578
2024-12-06T09:18:48,228.5
2024-12-06T09:21:05,229.10000610351562
2024-12-06T09:21:15,229.5
2024-12-06T09:23:31,229
2024-12-06T09:23:41,228.8000030517578
2024-12-06T09:25:58,229.6999969482422
2024-12-06T09:26:08,229.8000030517578
2024-12-06T09:28:24,229.60000610351562
2024-12-06T09:28:34,229.5
2024-12-06T09:30:51,230.1999969482422
2024-12-06T09:31:01,229.89999389648438
2024-12-06T09:33:17,229.39999389648438
2024-12-06T09:33:27,229.89999389648438
2024-12-06T09:35:45,229.39999389648438
2024-12-06T09:35:55,229.60000610351562
2024-12-06T09:38:11,229.10000610351562
2024-12-06T09:38:21,229.3000030517578
2024-12-06T09:40:37,229.89999389648438
2024-12-06T09:40:47,229.60000610351562
2024-12-06T09:43:04,230.10000610351562
2024-12-06T09:43:14,229.89999389648438
2024-12-06T09:45:29,229.1999969482422
2024-12-06T09:45:39,229
2024-12-06T09:47:56,227.89999389648438
2024-12-06T09:48:06,228.39999389648438
2024-12-06T09:50:23,227.89999389648438
2024-12-06T09:50:33,227.89999389648438
2024-12-06T09:52:50,228.6999969482422
2024-12-06T09:53:00,228.8000030517578
2024-12-06T09:55:18,228.5
2024-12-06T09:55:28,229.6999969482422
2024-12-06T09:57:46,229.6999969482422
2024-12-06T09:57:56,229.8000030517578
2024-12-06T10:00:14,232.6999969482422
2024-12-06T10:00:24,232.6999969482422
2024-12-06T10:02:39,232.8000030517578
2024-12-06T10:02:49,232.89999389648438
2024-12-06T10:05:05,232.3000030517578
2024-12-06T10:05:15,232.5
2024-12-06T10:07:32,229.8000030517578
2024-12-06T10:07:42,229.5
2024-12-06T10:10:00,229.60000610351562
2024-12-06T10:10:10,229.8000030517578
2024-12-06T10:12:27,228.8000030517578
2024-12-06T10:12:37,228.60000610351562
2024-12-06T10:14:59,229.6999969482422
2024-12-06T10:15:09,229.8000030517578
2024-12-06T10:17:25,229.3000030517578
2024-12-06T10:17:35,229.6999969482422
2024-12-06T10:19:54,230.3000030517578
2024-12-06T10:20:04,229.89999389648438
2024-12-06T10:22:21,230.39999389648438
2024-12-06T10:22:31,230.10000610351562
2024-12-06T10:24:48,230.1999969482422
2024-12-06T10:24:58,230.60000610351562
2024-12-06T10:27:16,231.3000030517578
2024-12-06T10:27:26,231
2024-12-06T10:29:43,231.6999969482422
2024-12-06T10:29:53,231.60000610351562
2024-12-06T10:32:11,229.10000610351562
2024-12-06T10:32:21,229
2024-12-06T10:34:36,229.39999389648438
2024-12-06T10:36:51,229.10000610351562
2024-12-06T10:37:01,229
2024-12-06T10:39:18,229
2024-12-06T10:39:27,229.1999969482422
2024-12-06T10:41:44,229.5
2024-12-06T10:41:54,229.3000030517578
2024-12-06T10:44:13,230.39999389648438
2024-12-06T10:44:23,230
2024-12-06T10:46:41,230.8000030517578
2024-12-06T10:46:51,230.60000610351562
2024-12-06T10:49:07,231.5
2024-12-06T10:49:17,231.8000030517578
2024-12-06T10:51:35,230.39999389648438
2024-12-06T10:51:45,230.8000030517578
2024-12-06T10:54:06,229.6999969482422
2024-12-06T10:54:16,229.1999969482422
2024-12-06T10:56:34,229.1999969482422
2024-12-06T10:56:44,229.60000610351562
2024-12-06T10:58:59,230.6999969482422
2024-12-06T10:59:09,231.1999969482422
2024-12-06T11:01:28,231
2024-12-06T11:01:38,231.1999969482422
2024-12-06T11:03:46,231.10000610351562
2024-12-06T11:03:56,231.3000030517578
2024-12-06T11:06:13,229.89999389648438
2024-12-06T11:06:23,229.8000030517578
2024-12-06T11:08:40,231.5
2024-12-06T11:08:50,230.89999389648438
2024-12-06T11:11:07,231.5
2024-12-06T11:11:17,232
2024-12-06T11:13:35,231.3000030517578
2024-12-06T11:13:45,231.1999969482422
2024-12-06T11:16:02,230.3000030517578
2024-12-06T11:16:12,230.3000030517578
2024-12-06T11:18:30,227.5
2024-12-06T11:18:40,227.89999389648438
2024-12-06T11:20:57,229.1999969482422
2024-12-06T11:21:07,229.3000030517578
2024-12-06T11:23:26,228.8000030517578
2024-12-06T11:23:36,228.89999389648438
2024-12-06T11:25:52,228.5
2024-12-06T11:26:02,229
2024-12-06T11:28:19,229.60000610351562
2024-12-06T11:28:28,229.5
2024-12-06T11:30:46,229.1999969482422
2024-12-06T11:30:56,230
2024-12-06T11:33:13,229.39999389648438
2024-12-06T11:33:23,229.5
2024-12-06T11:35:41,232.10000610351562
2024-12-06T11:35:51,231.89999389648438
2024-12-06T11:38:09,231.60000610351562
2024-12-06T11:38:19,231.89999389648438
2024-12-06T11:40:38,233.10000610351562
2024-12-06T11:40:48,232.8000030517578
2024-12-06T11:43:05,229.39999389648438
2024-12-06T11:43:15,229.60000610351562
2024-12-06T11:45:32,230.89999389648438
2024-12-06T11:45:42,230.89999389648438
2024-12-06T11:48:00,231.10000610351562
2024-12-06T11:48:10,230.8000030517578
2024-12-06T11:50:27,231.39999389648438
2024-12-06T11:50:36,231.3000030517578
2024-12-06T11:52:56,231
2024-12-06T11:53:06,231.60000610351562
2024-12-06T11:55:25,229.89999389648438
2024-12-06T11:55:35,230
2024-12-06T11:57:52,230.10000610351562
2024-12-06T11:58:02,230
2024-12-06T12:00:19,230.89999389648438
2024-12-06T12:00:29,231
2024-12-06T12:02:46,231.10000610351562
2024-12-06T12:02:56,231.10000610351562
2024-12-06T12:05:14,233.5
2024-12-06T12:05:24,233.3000030517578
2024-12-06T12:07:37,233
2024-12-06T12:07:47,233.3000030517578
2024-12-06T12:10:03,232.5
2024-12-06T12:10:13,231.89999389648438
2024-12-06T12:12:30,230.10000610351562
2024-12-06T12:12:40,229.6999969482422
2024-12-06T12:14:57,229.6999969482422
2024-12-06T12:15:07,229.39999389648438
2024-12-06T12:17:24,230.10000610351562
2024-12-06T12:17:34,229.8000030517578
2024-12-06T12:19:51,229.3000030517578
2024-12-06T12:20:01,228.8000030517578
2024-12-06T12:22:18,226.6999969482422
2024-12-06T12:22:27,226.10000610351562
2024-12-06T12:24:44,226.10000610351562
2024-12-06T12:24:53,226.1999969482422
2024-12-06T12:27:09,225.89999389648438
2024-12-06T12:27:20,225.39999389648438
2024-12-06T12:29:36,227.39999389648438
2024-12-06T12:29:46,228.89999389648438
2024-12-06T12:31:55,227.8000030517578
2024-12-06T12:32:04,230.3000030517578
2024-12-06T12:34:20,230.39999389648438
2024-12-06T12:34:30,231.5
2024-12-06T12:36:50,230.60000610351562
2024-12-06T12:37:00,232.39999389648438
2024-12-06T12:39:15,231.10000610351562
2024-12-06T12:39:25,228.8000030517578
2024-12-06T12:41:43,229.6999969482422
2024-12-06T12:41:54,229.60000610351562
2024-12-06T12:44:03,228.60000610351562
2024-12-06T12:44:14,228.60000610351562
2024-12-06T12:46:31,228
2024-12-06T12:46:41,228.5
2024-12-06T12:48:57,228.89999389648438
2024-12-06T12:49:06,228.6999969482422
2024-12-06T12:51:24,228.6999969482422
2024-12-06T12:51:33,228.60000610351562
2024-12-06T12:53:50,227.8000030517578
2024-12-06T12:53:59,228.6999969482422
2024-12-06T12:56:20,228.6999969482422
2024-12-06T12:56:29,228.6999969482422
2024-12-06T12:58:48,228.39999389648438
2024-12-06T12:58:57,228.3000030517578
2024-12-06T13:01:16,230.1999969482422
2024-12-06T13:01:25,230
2024-12-06T13:03:45,230.6999969482422
2024-12-06T13:03:54,230.1999969482422
2024-12-06T13:06:12,230.1999969482422
2024-12-06T13:06:21,230.39999389648438
2024-12-06T13:08:39,231
2024-12-06T13:08:48,230.8000030517578
2024-12-06T13:11:06,230.60000610351562
2024-12-06T13:11:15,231
2024-12-06T13:13:34,229.60000610351562
2024-12-06T13:13:43,229.60000610351562
2024-12-06T13:16:00,230.8000030517578
2024-12-06T13:16:10,230.6999969482422
2024-12-06T13:18:27,232.60000610351562
2024-12-06T13:18:37,232.5
2024-12-06T13:20:54,232.60000610351562
2024-12-06T13:21:04,231.10000610351562
2024-12-06T13:23:23,230.8000030517578
2024-12-06T13:23:33,230.89999389648438
2024-12-06T13:25:47,227.5
2024-12-06T13:25:57,227.1999969482422
2024-12-06T13:28:15,228.39999389648438
2024-12-06T13:28:25,228.6999969482422
2024-12-06T13:30:46,227.60000610351562
2024-12-06T13:30:55,227.39999389648438
2024-12-06T13:33:12,226.6999969482422
2024-12-06T13:33:22,226.6999969482422
2024-12-06T13:35:39,226.6999969482422
2024-12-06T13:35:49,226.6999969482422
2024-12-06T13:38:07,226.6999969482422
2024-12-06T13:38:17,226.8000030517578
2024-12-06T13:40:34,231.10000610351562
2024-12-06T13:40:44,230.8000030517578
2024-12-06T13:43:00,230.1999969482422
2024-12-06T13:43:10,230.10000610351562
2024-12-06T13:45:26,230.5
2024-12-06T13:45:36,229.3000030517578
2024-12-06T13:47:56,227.1999969482422
2024-12-06T13:48:06,227.60000610351562
2024-12-06T13:50:22,228
2024-12-06T13:50:32,227.6999969482422
2024-12-06T13:52:50,228.6999969482422
2024-12-06T13:53:00,228.89999389648438
2024-12-06T13:55:17,227.39999389648438
2024-12-06T13:55:27,227.8000030517578
2024-12-06T13:57:44,228.60000610351562
2024-12-06T13:57:54,228.1999969482422
2024-12-06T14:00:13,228.3000030517578
2024-12-06T14:00:23,228.39999389648438
2024-12-06T14:02:43,231.39999389648438
2024-12-06T14:02:53,231.1999969482422
2024-12-06T14:05:11,230
2024-12-06T14:05:21,229.3000030517578
2024-12-06T14:07:38,230.1999969482422
2024-12-06T14:07:48,230.10000610351562
2024-12-06T14:10:03,228.39999389648438
2024-12-06T14:10:13,227.8000030517578
2024-12-06T14:12:32,227.8000030517578
2024-12-06T14:12:42,227.89999389648438
2024-12-06T14:14:57,228.5
2024-12-06T14:15:07,228.3000030517578
2024-12-06T14:17:26,227.8000030517578
2024-12-06T14:17:36,226.60000610351562
2024-12-06T14:19:53,228.3000030517578
2024-12-06T14:20:03,228.39999389648438
2024-12-06T14:22:20,229.1999969482422
2024-12-06T14:22:30,228.89999389648438
2024-12-06T14:24:50,225.89999389648438
2024-12-06T14:25:00,226.39999389648438
2024-12-06T14:27:25,226.8000030517578
2024-12-06T14:27:35,226.5
2024-12-06T14:29:53,230.89999389648438
2024-12-06T14:30:03,231
2024-12-06T14:32:21,231.60000610351562
2024-12-06T14:32:31,231.5
2024-12-06T14:34:37,229.6999969482422
2024-12-06T14:34:47,229.6999969482422
2024-12-06T14:37:04,229.3000030517578
2024-12-06T14:37:14,229.5
2024-12-06T14:39:33,229.8000030517578
2024-12-06T14:39:43,229.89999389648438
2024-12-06T14:42:00,229.6999969482422
2024-12-06T14:42:10,229.6999969482422
2024-12-06T14:44:27,227.39999389648438
2024-12-06T14:44:37,227.1999969482422
2024-12-06T14:46:53,228.3000030517578
2024-12-06T14:47:03,227.6999969482422
2024-12-06T14:49:20,230.5
2024-12-06T14:49:30,230.6999969482422
2024-12-06T14:51:46,228.8000030517578
2024-12-06T14:51:56,228.60000610351562
2024-12-06T14:54:14,230.1999969482422
2024-12-06T14:54:24,230.3000030517578
2024-12-06T14:56:39,227.1999969482422
2024-12-06T14:56:49,227.1999969482422
2024-12-06T14:59:06,227.39999389648438
2024-12-06T14:59:16,227.3000030517578
2024-12-06T15:01:35,227.10000610351562
2024-12-06T15:01:45,227.3000030517578
2024-12-06T15:04:04,227.3000030517578
2024-12-06T15:04:14,227.3000030517578
2024-12-06T15:06:35,227.3000030517578
2024-12-06T15:06:45,228.10000610351562
2024-12-06T15:09:02,229.1999969482422
2024-12-06T15:09:12,229.1999969482422
2024-12-06T15:11:31,228.39999389648438
2024-12-06T15:11:41,228
2024-12-06T15:13:59,228.8000030517578
2024-12-06T15:14:09,228.8000030517578
2024-12-06T15:16:29,228.60000610351562
2024-12-06T15:16:39,228.89999389648438
2024-12-06T15:18:55,227.60000610351562
2024-12-06T15:19:05,227.39999389648438
2024-12-06T15:21:22,227
2024-12-06T15:21:32,227.3000030517578
2024-12-06T15:23:49,227.3000030517578
2024-12-06T15:23:59,227.60000610351562
2024-12-06T15:26:15,230.3000030517578
2024-12-06T15:26:25,230.3000030517578
2024-12-06T15:28:41,230.5
2024-12-06T15:28:51,230.10000610351562
2024-12-06T15:30:59,229.5
2024-12-06T15:31:09,229.8000030517578
2024-12-06T15:33:26,226.8000030517578
2024-12-06T15:33:36,226.6999969482422
2024-12-06T15:35:52,227.1999969482422
2024-12-06T15:36:02,227.5
2024-12-06T15:38:21,226.89999389648438
2024-12-06T15:38:31,227
2024-12-06T15:40:48,230
2024-12-06T15:40:58,229.5
2024-12-06T15:43:14,228.89999389648438
2024-12-06T15:43:24,229.3000030517578
2024-12-06T15:45:41,229.89999389648438
2024-12-06T15:45:51,229.8000030517578
2024-12-06T15:48:10,226.1999969482422
2024-12-06T15:48:20,226.1999969482422
2024-12-06T15:50:42,229.3000030517578
2024-12-06T15:50:52,229.5
2024-12-06T15:53:08,229.6999969482422
2024-12-06T15:53:17,229.60000610351562
2024-12-06T15:55:35,229.10000610351562
2024-12-06T15:55:45,229.8000030517578
2024-12-06T15:58:03,226.3000030517578
2024-12-06T15:58:13,225.89999389648438
2024-12-06T16:00:30,227.3000030517578
2024-12-06T16:00:40,227.3000030517578
2024-12-06T16:02:57,227.5
2024-12-06T16:03:07,228.1999969482422
2024-12-06T16:05:23,228.10000610351562
2024-12-06T16:05:33,228
2024-12-06T16:07:49,228.39999389648438
2024-12-06T16:07:59,228.5
2024-12-06T16:10:15,228.3000030517578
2024-12-06T16:10:25,228.1999969482422
2024-12-06T16:12:41,228.6999969482422
2024-12-06T16:12:51,228.6999969482422
2024-12-06T16:15:07,227.89999389648438
2024-12-06T16:15:17,227.60000610351562
2024-12-06T16:17:34,229
2024-12-06T16:17:44,228.39999389648438
2024-12-06T16:20:01,228.89999389648438
2024-12-06T16:20:11,228.8000030517578
2024-12-06T16:22:26,228.6999969482422
2024-12-06T16:22:36,228.60000610351562
2024-12-06T16:24:53,228.8000030517578
2024-12-06T16:25:03,229
2024-12-06T16:27:21,229.10000610351562
2024-12-06T16:27:31,229.1999969482422
2024-12-06T16:29:48,229.3000030517578
2024-12-06T16:29:58,229.10000610351562
2024-12-06T16:32:16,228.60000610351562
2024-12-06T16:32:26,228.5
2024-12-06T16:34:43,228.60000610351562
2024-12-06T16:34:53,228.5
2024-12-06T16:37:09,228.5
2024-12-06T16:37:19,228.5
2024-12-06T16:39:34,228.60000610351562
2024-12-06T16:39:44,228.8000030517578
2024-12-06T16:41:57,227.89999389648438
2024-12-06T16:42:07,228
2024-12-06T16:44:25,227.8000030517578
2024-12-06T16:44:35,227.8000030517578
2024-12-06T16:46:52,228.60000610351562
2024-12-06T16:47:02,229.1999969482422
2024-12-06T16:49:20,229
2024-12-06T16:49:30,228.5
2024-12-06T16:51:47,228.60000610351562
2024-12-06T16:51:57,228.6999969482422
2024-12-06T16:54:14,227.89999389648438
2024-12-06T16:54:24,228.3000030517578
2024-12-06T16:56:42,228.60000610351562
2024-12-06T16:56:52,228.5
2024-12-06T16:59:09,228.3000030517578
2024-12-06T16:59:19,228.39999389648438
2024-12-06T17:01:37,228.5
2024-12-06T17:01:47,228.89999389648438
2024-12-06T17:04:05,227.60000610351562
2024-12-06T17:04:15,228
2024-12-06T17:06:32,227.60000610351562
2024-12-06T17:06:42,227.60000610351562
2024-12-06T17:08:57,228.10000610351562
2024-12-06T17:09:07,228.39999389648438
2024-12-06T17:11:25,228.5
2024-12-06T17:11:35,228.1999969482422
2024-12-06T17:13:51,228
2024-12-06T17:14:01,228
2024-12-06T17:16:18,228.1999969482422
2024-12-06T17:16:28,228.3000030517578
2024-12-06T17:18:45,228.39999389648438
2024-12-06T17:18:55,228.6999969482422
2024-12-06T17:21:10,227.89999389648438
2024-12-06T17:21:20,228.5
2024-12-06T17:23:38,228
2024-12-06T17:23:48,228.10000610351562
2024-12-06T17:26:07,227.8000030517578
2024-12-06T17:26:17,227.60000610351562
2024-12-06T17:28:34,228.8000030517578
2024-12-06T17:28:44,228.6999969482422
2024-12-06T17:31:01,228.39999389648438
2024-12-06T17:31:11,228.5
2024-12-06T17:33:29,228.10000610351562
2024-12-06T17:33:39,228.10000610351562
2024-12-06T17:35:56,228.89999389648438
2024-12-06T17:36:06,228.6999969482422
2024-12-06T17:38:22,228.1999969482422
2024-12-06T17:38:32,228.5
2024-12-06T17:40:49,228.8000030517578
2024-12-06T17:40:59,228.3000030517578
2024-12-06T17:43:18,225.60000610351562
2024-12-06T17:43:28,225.39999389648438
2024-12-06T17:45:43,227.3000030517578
2024-12-06T17:45:53,227.60000610351562
2024-12-06T17:48:09,227.5
2024-12-06T17:48:19,227.5
2024-12-06T17:50:35,228
2024-12-06T17:50:45,228.1999969482422
2024-12-06T17:53:01,227.5
2024-12-06T17:53:11,227.3000030517578
2024-12-06T17:55:28,226.8000030517578
2024-12-06T17:55:38,226.39999389648438
2024-12-06T17:57:55,226.89999389648438
2024-12-06T17:58:05,227.1999969482422
2024-12-06T18:00:20,226.39999389648438
2024-12-06T18:00:30,226.5
2024-12-06T18:02:45,226.60000610351562
2024-12-06T18:02:55,226.8000030517578
2024-12-06T18:05:11,227.3000030517578
2024-12-06T18:05:21,227.3000030517578
2024-12-06T18:07:40,227.8000030517578
2024-12-06T18:07:50,228
2024-12-06T18:10:07,228.10000610351562
2024-12-06T18:10:17,228.39999389648438
2024-12-06T18:12:32,229.60000610351562
2024-12-06T18:12:42,229.5
2024-12-06T18:15:01,230
2024-12-06T18:15:11,229.6999969482422
2024-12-06T18:17:27,229.5
2024-12-06T18:17:37,229.39999389648438
2024-12-06T18:19:52,230.5
2024-12-06T18:20:02,230.39999389648438
2024-12-06T18:22:18,230.3000030517578
2024-12-06T18:22:28,230.60000610351562
2024-12-06T18:24:49,230
2024-12-06T18:24:59,229.89999389648438
2024-12-06T18:27:16,230.39999389648438
2024-12-06T18:27:26,230.1999969482422
2024-12-06T18:29:34,230.1999969482422
2024-12-06T18:29:44,230.10000610351562
2024-12-06T18:32:03,229.60000610351562
2024-12-06T18:32:13,229.60000610351562
2024-12-06T18:34:29,229.39999389648438
2024-12-06T18:34:39,229.60000610351562
2024-12-06T18:36:56,230
2024-12-06T18:37:06,229.89999389648438
2024-12-06T18:39:24,229.6999969482422
2024-12-06T18:39:34,229.6999969482422
2024-12-06T18:41:52,229.6999969482422
2024-12-06T18:42:02,229.39999389648438
2024-12-06T18:44:18,229.5
2024-12-06T18:44:28,229.60000610351562
2024-12-06T18:46:45,228.89999389648438
2024-12-06T18:46:55,229.5
2024-12-06T18:49:14,230.6999969482422
2024-12-06T18:49:24,230.6999969482422
2024-12-06T18:51:41,230.39999389648438
2024-12-06T18:51:51,231.5
2024-12-06T18:54:06,231.10000610351562
2024-12-06T18:54:16,230.5
2024-12-06T18:56:33,231
2024-12-06T18:56:43,230.6999969482422
2024-12-06T18:59:00,230.5
2024-12-06T18:59:10,230.5
2024-12-06T19:01:26,230.60000610351562
2024-12-06T19:01:36,230.39999389648438
2024-12-06T19:03:53,230.10000610351562
2024-12-06T19:04:03,230.5
2024-12-06T19:06:19,229.89999389648438
2024-12-06T19:06:29,230.1999969482422
2024-12-06T19:08:45,230.3000030517578
2024-12-06T19:08:55,230.6999969482422
2024-12-06T19:11:11,230.3000030517578
2024-12-06T19:11:21,230.1999969482422
2024-12-06T19:13:38,225.89999389648438
2024-12-06T19:13:48,226.1999969482422
2024-12-06T19:16:06,225.8000030517578
2024-12-06T19:16:16,226
2024-12-06T19:18:33,226
2024-12-06T19:18:43,226.10000610351562
2024-12-06T19:20:58,226
2024-12-06T19:21:08,226
2024-12-06T19:23:25,227
2024-12-06T19:23:35,227
2024-12-06T19:25:52,226
2024-12-06T19:26:02,226.1999969482422
2024-12-06T19:28:20,231.1999969482422
2024-12-06T19:28:30,231.10000610351562
2024-12-06T19:30:48,230.6999969482422
2024-12-06T19:30:58,230.8000030517578
2024-12-06T19:33:15,226.5
2024-12-06T19:33:25,227
2024-12-06T19:35:43,230.6999969482422
2024-12-06T19:35:53,230.3000030517578
2024-12-06T19:38:11,229.6999969482422
2024-12-06T19:38:21,230.1999969482422
2024-12-06T19:40:37,227.89999389648438
2024-12-06T19:40:47,228.1999969482422
2024-12-06T19:43:04,231.39999389648438
2024-12-06T19:43:14,231.3000030517578
2024-12-06T19:45:31,231.39999389648438
2024-12-06T19:45:41,230.5
2024-12-06T19:47:57,225.6999969482422
2024-12-06T19:48:07,225.89999389648438
2024-12-06T19:50:24,229.8000030517578
2024-12-06T19:50:34,229.8000030517578
2024-12-06T19:52:52,232.60000610351562
2024-12-06T19:53:02,232.6999969482422
2024-12-06T19:55:20,231.1999969482422
2024-12-06T19:55:30,230.5
2024-12-06T19:57:47,226.1999969482422
2024-12-06T19:57:57,226.89999389648438
2024-12-06T20:00:16,227.3000030517578
2024-12-06T20:00:26,227.5
2024-12-06T20:02:42,228.60000610351562
2024-12-06T20:02:52,228.10000610351562
2024-12-06T20:05:08,221.6999969482422
2024-12-06T20:05:18,221.60000610351562
2024-12-06T20:07:35,224.89999389648438
2024-12-06T20:07:45,225.1999969482422
2024-12-06T20:10:02,220.89999389648438
2024-12-06T20:10:12,220.89999389648438
2024-12-06T20:12:31,225
2024-12-06T20:12:40,224.60000610351562
2024-12-06T20:14:56,220.8000030517578
2024-12-06T20:15:06,220.8000030517578
2024-12-06T20:17:23,222.10000610351562
2024-12-06T20:17:33,226.3000030517578
2024-12-06T20:19:49,225.89999389648438
2024-12-06T20:19:59,225.6999969482422
2024-12-06T20:22:18,217.8000030517578
2024-12-06T20:22:28,217.6999969482422
2024-12-06T20:24:44,223.60000610351562
2024-12-06T20:24:54,223.6999969482422
2024-12-06T20:27:12,219.60000610351562
2024-12-06T20:27:22,219.5
2024-12-06T20:29:40,218.89999389648438
2024-12-06T20:29:50,219.10000610351562
2024-12-06T20:32:06,222.10000610351562
2024-12-06T20:32:16,222.3000030517578
2024-12-06T20:34:35,222.89999389648438
2024-12-06T20:34:45,222.8000030517578
2024-12-06T20:37:04,229.6999969482422
2024-12-06T20:37:14,229.60000610351562
2024-12-06T20:39:31,228.6999969482422
2024-12-06T20:39:41,228.5
2024-12-06T20:41:55,228.10000610351562
2024-12-06T20:42:05,227.3000030517578
2024-12-06T20:44:22,227.10000610351562
2024-12-06T20:44:32,226.8000030517578
2024-12-06T20:46:46,224.6999969482422
2024-12-06T20:46:56,224.5
2024-12-06T20:49:13,224.89999389648438
2024-12-06T20:49:23,225
2024-12-06T20:51:39,224.3000030517578
2024-12-06T20:51:49,224.6999969482422
2024-12-06T20:54:06,224.39999389648438
2024-12-06T20:54:16,224.39999389648438
2024-12-06T20:56:34,225.1999969482422
2024-12-06T20:56:44,225.39999389648438
2024-12-06T20:59:02,225
2024-12-06T20:59:12,224.89999389648438
2024-12-06T21:01:30,224.39999389648438
2024-12-06T21:01:40,224.60000610351562
2024-12-06T21:03:58,224.1999969482422
2024-12-06T21:04:08,223.6999969482422
2024-12-06T21:06:25,224.1999969482422
2024-12-06T21:06:35,224.3000030517578
2024-12-06T21:08:51,224.60000610351562
2024-12-06T21:09:01,224.3000030517578
2024-12-06T21:11:17,224.39999389648438
2024-12-06T21:11:27,224.39999389648438
2024-12-06T21:13:45,224.6999969482422
2024-12-06T21:13:55,225.10000610351562
2024-12-06T21:16:13,225.10000610351562
2024-12-06T21:16:23,225
2024-12-06T21:18:40,224.6999969482422
2024-12-06T21:18:50,224.6999969482422
2024-12-06T21:21:07,230.5
2024-12-06T21:21:17,230.60000610351562
2024-12-06T21:23:34,228.8000030517578
2024-12-06T21:23:44,228.1999969482422
2024-12-06T21:26:03,228.39999389648438
2024-12-06T21:26:13,228.3000030517578
2024-12-06T21:28:28,227.1999969482422
2024-12-06T21:28:38,227.3000030517578
2024-12-06T21:30:53,227.60000610351562
2024-12-06T21:31:03,227.60000610351562
2024-12-06T21:33:18,227.89999389648438
2024-12-06T21:33:28,228.1999969482422
2024-12-06T21:35:43,227.6999969482422
2024-12-06T21:35:53,227.60000610351562
2024-12-06T21:38:09,226.6999969482422
2024-12-06T21:38:19,226.5
2024-12-06T21:40:35,228
2024-12-06T21:40:45,228.10000610351562
2024-12-06T21:43:03,227.10000610351562
2024-12-06T21:43:13,227.1999969482422
2024-12-06T21:45:31,226.89999389648438
2024-12-06T21:45:41,227.60000610351562
2024-12-06T21:48:01,226.8000030517578
2024-12-06T21:48:11,226.8000030517578
2024-12-06T21:50:29,230
2024-12-06T21:50:39,230.1999969482422
2024-12-06T21:52:56,227
2024-12-06T21:53:06,228.1999969482422
2024-12-06T21:55:23,226
2024-12-06T21:55:33,226.10000610351562
2024-12-06T21:57:50,226.39999389648438
2024-12-06T21:58:00,227
2024-12-06T22:00:17,225.3000030517578
2024-12-06T22:00:27,225.3000030517578
2024-12-06T22:02:47,224.3000030517578
2024-12-06T22:02:57,223.8000030517578
2024-12-06T22:05:14,225.3000030517578
2024-12-06T22:05:24,225.1999969482422
2024-12-06T22:07:39,225
2024-12-06T22:07:49,224.8000030517578
2024-12-06T22:10:08,226.39999389648438
2024-12-06T22:10:18,226.5
2024-12-06T22:12:35,226.3000030517578
2024-12-06T22:12:45,226.60000610351562
2024-12-06T22:15:02,227
2024-12-06T22:15:12,227.10000610351562
2024-12-06T22:17:29,227.10000610351562
2024-12-06T22:17:39,227.10000610351562
2024-12-06T22:19:56,226.8000030517578
2024-12-06T22:20:06,227.3000030517578
2024-12-06T22:22:24,227.39999389648438
2024-12-06T22:22:34,226.6999969482422
2024-12-06T22:24:50,227.89999389648438
2024-12-06T22:25:00,228.3000030517578
2024-12-06T22:27:18,229
2024-12-06T22:27:28,228.8000030517578
2024-12-06T22:29:44,227.89999389648438
2024-12-06T22:29:54,228.3000030517578
2024-12-06T22:32:10,225.39999389648438
2024-12-06T22:32:20,225.60000610351562
2024-12-06T22:34:37,226.6999969482422
2024-12-06T22:34:47,227
2024-12-06T22:37:04,226.8000030517578
2024-12-06T22:37:14,226.6999969482422
2024-12-06T22:39:31,226.5
2024-12-06T22:39:41,226.5
2024-12-06T22:41:58,226.6999969482422
2024-12-06T22:42:08,226.39999389648438
2024-12-06T22:44:24,226.39999389648438
2024-12-06T22:44:34,226.5
2024-12-06T22:46:51,227.1999969482422
2024-12-06T22:47:01,227
2024-12-06T22:49:17,227.10000610351562
2024-12-06T22:49:27,227.1999969482422
2024-12-06T22:51:45,227.39999389648438
2024-12-06T22:51:55,226.8000030517578
2024-12-06T22:54:11,228.10000610351562
2024-12-06T22:54:21,227.8000030517578
2024-12-06T22:56:38,229
2024-12-06T22:56:48,229.10000610351562
2024-12-06T22:59:05,227.60000610351562
2024-12-06T22:59:15,227.39999389648438
2024-12-06T23:01:23,227.39999389648438
2024-12-06T23:01:33,227.39999389648438
2024-12-06T23:03:51,226.8000030517578
2024-12-06T23:04:01,227.10000610351562
2024-12-06T23:06:18,227.39999389648438
2024-12-06T23:06:28,227.1999969482422
2024-12-06T23:08:44,226.1999969482422
2024-12-06T23:08:54,226.5
2024-12-06T23:11:09,226.8000030517578
2024-12-06T23:11:19,226.8000030517578
2024-12-06T23:13:37,226.39999389648438
2024-12-06T23:13:47,226.60000610351562
2024-12-06T23:16:06,227
2024-12-06T23:16:16,226.89999389648438
2024-12-06T23:18:35,227.89999389648438
2024-12-06T23:18:45,227.89999389648438
2024-12-06T23:21:03,227.6999969482422
2024-12-06T23:21:13,227.5
2024-12-06T23:23:23,227.6999969482422
2024-12-06T23:23:33,227.10000610351562
2024-12-06T23:25:50,227.6999969482422
2024-12-06T23:26:00,227.6999969482422
2024-12-06T23:28:18,227.5
2024-12-06T23:28:28,227.3000030517578
2024-12-06T23:30:46,228
2024-12-06T23:30:56,228.1999969482422
2024-12-06T23:33:13,229.39999389648438
2024-12-06T23:33:22,229.3000030517578
2024-12-06T23:35:39,229.10000610351562
2024-12-06T23:35:49,228.89999389648438
2024-12-06T23:38:08,228.1999969482422
2024-12-06T23:38:18,228.10000610351562
2024-12-06T23:40:34,228.8000030517578
2024-12-06T23:40:44,228.89999389648438
2024-12-06T23:43:01,229.1999969482422
2024-12-06T23:43:11,229.39999389648438
2024-12-06T23:45:26,228.10000610351562
2024-12-06T23:45:36,228.10000610351562
2024-12-06T23:47:54,229
2024-12-06T23:48:04,228.8000030517578
2024-12-06T23:50:20,229.60000610351562
2024-12-06T23:50:29,229.39999389648438
2024-12-06T23:52:47,229.8000030517578
2024-12-06T23:52:57,229.8000030517578
2024-12-06T23:55:14,228.6999969482422
2024-12-06T23:55:24,228.8000030517578
2024-12-06T23:57:40,228.39999389648438
2024-12-06T23:57:50,228.3000030517578
2024-12-07T00:00:08,227.60000610351562
2024-12-07T00:00:18,227.60000610351562
2024-12-07T00:02:38,227.89999389648438
2024-12-07T00:02:48,227.5
2024-12-07T00:05:06,227.39999389648438
2024-12-07T00:05:16,227.3000030517578
2024-12-07T00:07:35,227.8000030517578
2024-12-07T00:07:45,227.6999969482422
2024-12-07T00:10:02,227.8000030517578
2024-12-07T00:10:12,227.60000610351562
2024-12-07T00:12:27,227.89999389648438
2024-12-07T00:12:37,228.1999969482422
2024-12-07T00:14:54,227.6999969482422
2024-12-07T00:15:04,227.10000610351562
2024-12-07T00:17:21,228.3000030517578
2024-12-07T00:17:31,228.3000030517578
2024-12-07T00:19:51,227.60000610351562
2024-12-07T00:20:01,227.8000030517578
2024-12-07T00:22:18,228.10000610351562
2024-12-07T00:22:28,227.8000030517578
2024-12-07T00:24:45,228.10000610351562
2024-12-07T00:24:55,228.89999389648438
2024-12-07T00:27:10,230
2024-12-07T00:27:20,230.1999969482422
2024-12-07T00:29:38,229.1999969482422
2024-12-07T00:29:48,228.8000030517578
2024-12-07T00:32:06,230.1999969482422
2024-12-07T00:32:16,230.5
2024-12-07T00:34:34,229.6999969482422
2024-12-07T00:34:44,229.8000030517578
2024-12-07T00:37:02,229.60000610351562
2024-12-07T00:37:12,229.6999969482422
2024-12-07T00:39:32,231.10000610351562
2024-12-07T00:39:42,231.1999969482422
2024-12-07T00:41:59,230.5
2024-12-07T00:42:09,230.6999969482422
2024-12-07T00:44:26,230.5
2024-12-07T00:44:36,230.8000030517578
2024-12-07T00:46:51,227.6999969482422
2024-12-07T00:47:01,227.6999969482422
2024-12-07T00:49:18,228.89999389648438
2024-12-07T00:49:28,229.3000030517578
2024-12-07T00:51:46,230.39999389648438
2024-12-07T00:51:56,230.3000030517578
2024-12-07T00:54:11,229.5
2024-12-07T00:54:21,229.5
2024-12-07T00:56:38,229.1999969482422
2024-12-07T00:56:48,229.39999389648438
2024-12-07T00:59:05,230.10000610351562
2024-12-07T00:59:15,230.10000610351562
2024-12-07T01:01:37,230.1999969482422
2024-12-07T01:01:47,230.3000030517578
2024-12-07T01:04:03,229.5
2024-12-07T01:04:13,229.39999389648438
2024-12-07T01:06:30,230.1999969482422
2024-12-07T01:06:40,230.39999389648438
2024-12-07T01:08:59,231.10000610351562
2024-12-07T01:09:09,231.10000610351562
2024-12-07T01:11:26,231.39999389648438
2024-12-07T01:11:36,231
2024-12-07T01:13:53,230.5
2024-12-07T01:14:03,230.89999389648438
2024-12-07T01:16:19,231.3000030517578
2024-12-07T01:16:29,231
2024-12-07T01:18:46,230.8000030517578
2024-12-07T01:18:56,231
2024-12-07T01:21:13,230.89999389648438
2024-12-07T01:21:23,230.8000030517578
2024-12-07T01:23:43,231.3000030517578
2024-12-07T01:23:53,230.8000030517578
2024-12-07T01:26:10,231.39999389648438
2024-12-07T01:26:20,231.60000610351562
2024-12-07T01:28:38,231.3000030517578
2024-12-07T01:28:48,231.3000030517578
2024-12-07T01:31:02,231.89999389648438
2024-12-07T01:31:12,232
2024-12-07T01:33:29,231.60000610351562
2024-12-07T01:33:39,231.5
2024-12-07T01:35:56,232.10000610351562
2024-12-07T01:36:06,232
2024-12-07T01:38:23,232.60000610351562
2024-12-07T01:38:33,232.89999389648438
2024-12-07T01:40:50,232.6999969482422
2024-12-07T01:41:00,232.60000610351562
2024-12-07T01:43:17,232.39999389648438
2024-12-07T01:43:27,231.89999389648438
2024-12-07T01:45:45,231.60000610351562
2024-12-07T01:45:55,231.39999389648438
2024-12-07T01:48:12,231.89999389648438
2024-12-07T01:48:22,231.89999389648438
2024-12-07T01:50:40,230.5
2024-12-07T01:50:50,230.6999969482422
2024-12-07T01:53:09,231.60000610351562
2024-12-07T01:53:19,231.5
2024-12-07T01:55:27,231.1999969482422
2024-12-07T01:55:37,231.1999969482422
2024-12-07T01:57:55,231.1999969482422
2024-12-07T01:58:05,231.10000610351562
2024-12-07T02:00:21,230.60000610351562
2024-12-07T02:00:31,230.6999969482422
2024-12-07T02:02:50,230.60000610351562
2024-12-07T02:03:00,230.39999389648438
2024-12-07T02:05:17,230.3000030517578
2024-12-07T02:05:27,230.60000610351562
2024-12-07T02:07:44,231.8000030517578
2024-12-07T02:07:54,231.39999389648438
2024-12-07T02:10:13,231.1999969482422
2024-12-07T02:10:23,231
2024-12-07T02:12:39,230.60000610351562
2024-12-07T02:12:49,230.89999389648438
2024-12-07T02:15:07,229.8000030517578
2024-12-07T02:15:17,229.5
2024-12-07T02:17:35,229.89999389648438
2024-12-07T02:17:45,229.8000030517578
2024-12-07T02:20:04,230.3000030517578
2024-12-07T02:20:14,230.5
2024-12-07T02:22:30,229.60000610351562
2024-12-07T02:22:40,229.1999969482422
2024-12-07T02:24:57,229.8000030517578
2024-12-07T02:25:07,229.6999969482422
2024-12-07T02:27:24,232.89999389648438
2024-12-07T02:27:34,232.6999969482422
2024-12-07T02:29:51,231.3000030517578
2024-12-07T02:30:01,230.8000030517578
2024-12-07T02:32:19,231.39999389648438
2024-12-07T02:32:29,231.5
2024-12-07T02:34:46,230.10000610351562
2024-12-07T02:34:56,229.6999969482422
2024-12-07T02:37:13,228.39999389648438
2024-12-07T02:37:23,228.8000030517578
2024-12-07T02:39:39,229.39999389648438
2024-12-07T02:39:49,229.1999969482422
2024-12-07T02:42:07,229
2024-12-07T02:42:17,228.6999969482422
2024-12-07T02:44:34,229.10000610351562
2024-12-07T02:44:44,229
2024-12-07T02:47:01,229.10000610351562
2024-12-07T02:47:11,229.10000610351562
2024-12-07T02:49:28,228.60000610351562
2024-12-07T02:49:38,229.5
2024-12-07T02:51:53,229.10000610351562
2024-12-07T02:52:03,229.1999969482422
2024-12-07T02:54:21,230.5
2024-12-07T02:54:31,230.6999969482422
2024-12-07T02:56:48,230.6999969482422
2024-12-07T02:56:58,230.8000030517578
2024-12-07T02:59:14,229.6999969482422
2024-12-07T02:59:24,229.60000610351562
2024-12-07T03:01:39,229.6999969482422
2024-12-07T03:01:49,229.8000030517578
2024-12-07T03:04:06,229.1999969482422
2024-12-07T03:04:16,230.10000610351562
2024-12-07T03:06:34,229.3000030517578
2024-12-07T03:06:44,229.39999389648438
2024-12-07T03:09:01,229.8000030517578
2024-12-07T03:09:11,229.89999389648438
2024-12-07T03:11:27,230.5
2024-12-07T03:11:37,230.39999389648438
2024-12-07T03:13:55,230.39999389648438
2024-12-07T03:14:05,230.6999969482422
2024-12-07T03:16:23,230.3000030517578
2024-12-07T03:16:33,230.3000030517578
2024-12-07T03:18:51,231.3000030517578
2024-12-07T03:19:01,231.89999389648438
2024-12-07T03:21:18,231.8000030517578
2024-12-07T03:21:28,231.1999969482422
2024-12-07T03:23:45,232.1999969482422
2024-12-07T03:23:55,232.3000030517578
2024-12-07T03:26:12,228.8000030517578
2024-12-07T03:26:22,229.10000610351562
2024-12-07T03:28:40,229.6999969482422
2024-12-07T03:28:50,229.8000030517578
2024-12-07T03:31:08,229.8000030517578
2024-12-07T03:31:18,229.89999389648438
2024-12-07T03:33:35,229.5
2024-12-07T03:33:45,229.6999969482422
2024-12-07T03:36:00,230.39999389648438
2024-12-07T03:36:10,230.8000030517578
2024-12-07T03:38:30,231
2024-12-07T03:38:40,230.89999389648438
2024-12-07T03:40:57,230.3000030517578
2024-12-07T03:41:07,229.89999389648438
2024-12-07T03:43:27,229.8000030517578
2024-12-07T03:43:37,229.60000610351562
2024-12-07T03:45:54,230.3000030517578
2024-12-07T03:46:04,230.6999969482422
2024-12-07T03:48:23,231.10000610351562
2024-12-07T03:48:32,231.6999969482422
2024-12-07T03:50:49,231.10000610351562
2024-12-07T03:50:59,231
2024-12-07T03:53:17,231.60000610351562
2024-12-07T03:53:27,231.8000030517578
2024-12-07T03:55:42,231.6999969482422
2024-12-07T03:55:52,231.89999389648438
2024-12-07T03:58:09,231.3000030517578
2024-12-07T03:58:19,231.3000030517578
2024-12-07T04:00:36,230.6999969482422
2024-12-07T04:00:46,230.5
2024-12-07T04:03:03,229.5
2024-12-07T04:03:13,229.8000030517578
2024-12-07T04:05:31,230.5
2024-12-07T04:05:41,230.39999389648438
2024-12-07T04:07:59,230.60000610351562
2024-12-07T04:08:09,230.60000610351562
2024-12-07T04:10:26,231.1999969482422
2024-12-07T04:10:36,231.1999969482422
2024-12-07T04:12:53,230.5
2024-12-07T04:13:03,230
2024-12-07T04:15:20,230.1999969482422
2024-12-07T04:15:30,230.10000610351562
2024-12-07T04:17:45,229.39999389648438
2024-12-07T04:17:55,229.39999389648438
2024-12-07T04:20:12,229.1999969482422
2024-12-07T04:20:22,229.39999389648438
2024-12-07T04:22:40,230.10000610351562
2024-12-07T04:22:50,230
2024-12-07T04:25:07,230.3000030517578
2024-12-07T04:25:17,230.39999389648438
2024-12-07T04:27:34,232.6999969482422
2024-12-07T04:27:44,232.39999389648438
2024-12-07T04:30:00,232.60000610351562
2024-12-07T04:30:10,232.60000610351562
2024-12-07T04:32:29,231.89999389648438
2024-12-07T04:32:39,232
2024-12-07T04:34:56,229.6999969482422
2024-12-07T04:35:06,229.3000030517578
2024-12-07T04:37:24,229.8000030517578
2024-12-07T04:37:34,229.8000030517578
2024-12-07T04:39:48,230
2024-12-07T04:39:58,229.89999389648438
2024-12-07T04:42:17,230.1999969482422
2024-12-07T04:42:27,230.3000030517578
2024-12-07T04:44:45,229.89999389648438
2024-12-07T04:44:55,229.89999389648438
2024-12-07T04:47:11,229.6999969482422
2024-12-07T04:47:21,230.1999969482422
2024-12-07T04:49:38,229.1999969482422
2024-12-07T04:49:48,229.39999389648438
2024-12-07T04:52:08,229.1999969482422
2024-12-07T04:52:18,229
2024-12-07T04:54:35,228.60000610351562
2024-12-07T04:54:45,228.6999969482422
2024-12-07T04:57:02,228.60000610351562
2024-12-07T04:57:12,228.5
2024-12-07T04:59:31,228.3000030517578
2024-12-07T04:59:41,228.10000610351562
2024-12-07T05:01:58,227.1999969482422
2024-12-07T05:02:08,227.39999389648438
2024-12-07T05:04:25,227
2024-12-07T05:04:35,227.10000610351562
2024-12-07T05:06:50,227.60000610351562
2024-12-07T05:07:00,227.5
2024-12-07T05:09:17,227.60000610351562
2024-12-07T05:09:27,228.1999969482422
2024-12-07T05:11:44,226.60000610351562
2024-12-07T05:11:54,226.6999969482422
2024-12-07T05:14:11,230.3000030517578
2024-12-07T05:14:21,230.3000030517578
2024-12-07T05:16:38,230
2024-12-07T05:16:48,230.1999969482422
2024-12-07T05:19:05,229.89999389648438
2024-12-07T05:19:15,229.89999389648438
2024-12-07T05:21:33,227.10000610351562
2024-12-07T05:21:43,226.89999389648438
2024-12-07T05:24:00,227.3000030517578
2024-12-07T05:24:10,227.1999969482422
2024-12-07T05:26:29,227.39999389648438
2024-12-07T05:26:39,227.60000610351562
2024-12-07T05:28:57,226.8000030517578
2024-12-07T05:29:07,226.8000030517578
2024-12-07T05:31:23,227.1999969482422
2024-12-07T05:31:33,227.10000610351562
2024-12-07T05:33:50,227.1999969482422
2024-12-07T05:34:00,227
2024-12-07T05:36:17,228.1999969482422
2024-12-07T05:36:27,228.1999969482422
2024-12-07T05:38:44,228.39999389648438
2024-12-07T05:38:54,228.5
2024-12-07T05:41:13,230.60000610351562
2024-12-07T05:41:23,230.5
2024-12-07T05:43:41,231.10000610351562
2024-12-07T05:43:51,231.6999969482422
2024-12-07T05:45:59,231.39999389648438
2024-12-07T05:46:09,230.6999969482422
2024-12-07T05:48:24,228.3000030517578
2024-12-07T05:48:34,228.39999389648438
2024-12-07T05:50:51,229.6999969482422
2024-12-07T05:51:01,229.60000610351562
2024-12-07T05:53:17,229.39999389648438
2024-12-07T05:53:27,229.39999389648438
2024-12-07T05:55:45,229.1999969482422
2024-12-07T05:55:54,229.3000030517578
2024-12-07T05:58:12,228.60000610351562
2024-12-07T05:58:22,228.60000610351562
2024-12-07T06:00:39,228.3000030517578
2024-12-07T06:00:49,228.60000610351562
2024-12-07T06:03:07,227.3000030517578
2024-12-07T06:03:17,227
2024-12-07T06:05:35,230.5
2024-12-07T06:05:45,230.8000030517578
2024-12-07T06:08:01,230.5
2024-12-07T06:08:11,230.8000030517578
2024-12-07T06:10:32,230.60000610351562
2024-12-07T06:10:42,230.8000030517578
2024-12-07T06:12:59,228.1999969482422
2024-12-07T06:13:09,228.6999969482422
2024-12-07T06:15:27,228
2024-12-07T06:15:37,227.89999389648438
2024-12-07T06:17:56,228.1999969482422
2024-12-07T06:18:05,227.89999389648438
2024-12-07T06:20:24,230
2024-12-07T06:20:34,230.10000610351562
2024-12-07T06:22:49,230.1999969482422
2024-12-07T06:22:59,229.89999389648438
2024-12-07T06:25:18,229.6999969482422
2024-12-07T06:25:28,230
2024-12-07T06:27:45,230.10000610351562
2024-12-07T06:27:55,229.8000030517578
2024-12-07T06:30:08,228.89999389648438
2024-12-07T06:30:18,229.10000610351562
2024-12-07T06:32:36,229.6999969482422
2024-12-07T06:32:46,229.6999969482422
2024-12-07T06:35:03,227.6999969482422
2024-12-07T06:35:13,227.5
2024-12-07T06:37:29,228.3000030517578
2024-12-07T06:37:39,228.39999389648438
2024-12-07T06:39:54,226.6999969482422
2024-12-07T06:40:04,226.89999389648438
2024-12-07T06:42:22,226.8000030517578
2024-12-07T06:42:32,227.1999969482422
2024-12-07T06:44:47,227.39999389648438
2024-12-07T06:44:57,227.8000030517578
2024-12-07T06:47:15,227.1999969482422
2024-12-07T06:47:25,227.1999969482422
2024-12-07T06:49:40,227.60000610351562
2024-12-07T06:49:50,227.39999389648438
2024-12-07T06:52:08,227.60000610351562
2024-12-07T06:52:18,227.60000610351562
2024-12-07T06:54:35,227
2024-12-07T06:54:45,227.10000610351562
2024-12-07T06:57:03,228.6999969482422
2024-12-07T06:57:13,228.3000030517578
2024-12-07T06:59:31,228.89999389648438
2024-12-07T06:59:41,228.5
2024-12-07T07:01:59,227.8000030517578
2024-12-07T07:02:09,228
2024-12-07T07:04:26,227.8000030517578
2024-12-07T07:04:36,227.8000030517578
2024-12-07T07:06:56,227.8000030517578
2024-12-07T07:07:05,228.1999969482422
2024-12-07T07:09:24,231.39999389648438
2024-12-07T07:09:34,231.10000610351562
2024-12-07T07:11:53,232.10000610351562
2024-12-07T07:12:03,232.3000030517578
2024-12-07T07:14:19,231.8000030517578
2024-12-07T07:14:29,231.5
2024-12-07T07:16:44,229.60000610351562
2024-12-07T07:16:54,229.5
2024-12-07T07:19:11,229.1999969482422
2024-12-07T07:19:21,229.1999969482422
2024-12-07T07:21:38,229.10000610351562
2024-12-07T07:21:48,229
2024-12-07T07:24:07,228.3000030517578
2024-12-07T07:24:17,228.1999969482422
2024-12-07T07:26:34,228.6999969482422
2024-12-07T07:26:44,229.1999969482422
2024-12-07T07:29:01,229.39999389648438
2024-12-07T07:29:11,229.1999969482422
2024-12-07T07:31:28,228.6999969482422
2024-12-07T07:31:38,228.8000030517578
2024-12-07T07:34:00,229.3000030517578
2024-12-07T07:34:10,228.89999389648438
2024-12-07T07:36:26,229.6999969482422
2024-12-07T07:36:36,230
2024-12-07T07:38:57,229.5
2024-12-07T07:39:06,229.39999389648438
2024-12-07T07:41:23,229.3000030517578
2024-12-07T07:41:33,229.3000030517578
2024-12-07T07:43:52,228.5
2024-12-07T07:44:02,228.39999389648438
2024-12-07T07:46:18,228.6999969482422
2024-12-07T07:46:28,228.89999389648438
2024-12-07T07:48:48,230.39999389648438
2024-12-07T07:48:58,230.39999389648438
2024-12-07T07:51:14,230
2024-12-07T07:51:24,230.10000610351562
2024-12-07T07:53:42,230
2024-12-07T07:53:52,230.1999969482422
2024-12-07T07:56:08,230.39999389648438
2024-12-07T07:56:18,230.1999969482422
2024-12-07T07:58:34,229
2024-12-07T07:58:44,229
2024-12-07T08:01:00,228.60000610351562
2024-12-07T08:01:09,228.60000610351562
2024-12-07T08:03:25,228.6999969482422
2024-12-07T08:03:35,228.6999969482422
2024-12-07T08:05:53,228.89999389648438
2024-12-07T08:06:03,229
2024-12-07T08:08:24,227.6999969482422
2024-12-07T08:08:34,227.6999969482422
2024-12-07T08:10:54,230.10000610351562
2024-12-07T08:11:04,229.89999389648438
2024-12-07T08:13:22,229.89999389648438
2024-12-07T08:13:31,230.1999969482422
2024-12-07T08:15:49,229.60000610351562
2024-12-07T08:15:59,229.8000030517578
2024-12-07T08:18:18,229.39999389648438
2024-12-07T08:18:27,229
2024-12-07T08:20:44,228.8000030517578
2024-12-07T08:20:54,229
2024-12-07T08:23:10,229.89999389648438
2024-12-07T08:23:20,229.6999969482422
2024-12-07T08:25:38,228.89999389648438
2024-12-07T08:25:48,228.89999389648438
2024-12-07T08:28:07,228.6999969482422
2024-12-07T08:28:16,228.39999389648438
2024-12-07T08:30:33,231.10000610351562
2024-12-07T08:30:43,231.1999969482422
2024-12-07T08:33:02,230.8000030517578
2024-12-07T08:33:12,230.8000030517578
2024-12-07T08:35:28,230.60000610351562
2024-12-07T08:35:38,230.5
2024-12-07T08:37:56,229.8000030517578
2024-12-07T08:38:06,229.8000030517578
2024-12-07T08:40:25,228.5
2024-12-07T08:40:35,228.5
2024-12-07T08:42:53,229.6999969482422
2024-12-07T08:43:02,229.5
2024-12-07T08:45:19,229.6999969482422
2024-12-07T08:45:29,229.8000030517578
2024-12-07T08:47:47,230.39999389648438
2024-12-07T08:47:56,230.39999389648438
2024-12-07T08:50:13,228.10000610351562
2024-12-07T08:50:23,228.10000610351562
2024-12-07T08:52:39,228.3000030517578
2024-12-07T08:52:49,228.5
2024-12-07T08:55:07,231
2024-12-07T08:55:17,231
2024-12-07T08:57:34,231.10000610351562
2024-12-07T08:57:44,231.10000610351562
2024-12-07T09:00:02,230.5
2024-12-07T09:00:12,231.10000610351562
2024-12-07T09:02:29,229.3000030517578
2024-12-07T09:02:38,229.3000030517578
2024-12-07T09:04:53,228.6999969482422
2024-12-07T09:05:03,228.89999389648438
2024-12-07T09:07:21,228.8000030517578
2024-12-07T09:07:30,228.6999969482422
2024-12-07T09:09:48,228.39999389648438
2024-12-07T09:09:58,228.60000610351562
2024-12-07T09:12:12,227.89999389648438
2024-12-07T09:12:22,227.8000030517578
2024-12-07T09:14:36,227.10000610351562
2024-12-07T09:14:46,227
2024-12-07T09:17:03,226.6999969482422
2024-12-07T09:17:13,226.60000610351562
2024-12-07T09:19:30,228.10000610351562
2024-12-07T09:19:39,228.39999389648438
2024-12-07T09:21:56,227.60000610351562
2024-12-07T09:22:06,227.3000030517578
2024-12-07T09:24:27,230.10000610351562
2024-12-07T09:24:36,230
2024-12-07T09:26:52,230.60000610351562
2024-12-07T09:27:02,230.39999389648438
2024-12-07T09:29:19,229.8000030517578
2024-12-07T09:29:29,229.6999969482422
2024-12-07T09:31:46,227.6999969482422
2024-12-07T09:31:56,227.8000030517578
2024-12-07T09:34:12,228.1999969482422
2024-12-07T09:34:22,228.39999389648438
2024-12-07T09:36:41,228.3000030517578
2024-12-07T09:36:50,228.1999969482422
2024-12-07T09:39:07,229.39999389648438
2024-12-07T09:39:17,229.39999389648438
2024-12-07T09:41:34,227.8000030517578
2024-12-07T09:41:44,227.89999389648438
2024-12-07T09:43:57,227.10000610351562
2024-12-07T09:44:07,226.6999969482422
2024-12-07T09:46:26,226.8000030517578
2024-12-07T09:46:35,226.8000030517578
2024-12-07T09:48:50,227
2024-12-07T09:49:00,227
2024-12-07T09:51:21,228.10000610351562
2024-12-07T09:51:30,227.89999389648438
2024-12-07T09:53:47,227.6999969482422
2024-12-07T09:53:57,227.89999389648438
2024-12-07T09:56:14,228.89999389648438
2024-12-07T09:56:24,228.6999969482422
2024-12-07T09:58:40,229.39999389648438
2024-12-07T09:58:50,229.1999969482422
2024-12-07T10:01:08,225.60000610351562
2024-12-07T10:01:18,225.60000610351562
2024-12-07T10:03:34,226.1999969482422
2024-12-07T10:03:44,226.39999389648438
2024-12-07T10:06:03,226.1999969482422
2024-12-07T10:06:12,226.60000610351562
2024-12-07T10:08:21,226.89999389648438
2024-12-07T10:08:31,226.89999389648438
2024-12-07T10:10:50,227.6999969482422
2024-12-07T10:10:59,227.60000610351562
2024-12-07T10:13:15,227.10000610351562
2024-12-07T10:13:25,227.5
2024-12-07T10:15:42,228.8000030517578
2024-12-07T10:15:52,228.6999969482422
2024-12-07T10:18:10,227.60000610351562
2024-12-07T10:18:19,228.1999969482422
2024-12-07T10:20:40,228.1999969482422
2024-12-07T10:20:50,228.5
2024-12-07T10:23:07,225.8000030517578
2024-12-07T10:23:17,225.5
2024-12-07T10:25:34,225.3000030517578
2024-12-07T10:25:44,225.3000030517578
2024-12-07T10:28:03,225.8000030517578
2024-12-07T10:28:12,225.10000610351562
2024-12-07T10:30:29,228.6999969482422
2024-12-07T10:30:38,228.60000610351562
2024-12-07T10:32:56,229.3000030517578
2024-12-07T10:33:05,229.3000030517578
2024-12-07T10:35:22,229.1999969482422
2024-12-07T10:35:32,229.8000030517578
2024-12-07T10:37:49,226.8000030517578
2024-12-07T10:37:59,227.3000030517578
2024-12-07T10:40:15,224.5
2024-12-07T10:40:25,224.89999389648438
2024-12-07T10:42:42,224.1999969482422
2024-12-07T10:42:52,224.8000030517578
2024-12-07T10:45:10,226.6999969482422
2024-12-07T10:45:20,224.6999969482422
2024-12-07T10:47:37,226.39999389648438
2024-12-07T10:47:47,226.5
2024-12-07T10:50:06,226.5
2024-12-07T10:50:15,226.3000030517578
2024-12-07T10:52:32,227.6999969482422
2024-12-07T10:52:42,227.3000030517578
2024-12-07T10:54:51,228.10000610351562
2024-12-07T10:55:01,227.89999389648438
2024-12-07T10:57:18,228.1999969482422
2024-12-07T10:57:27,228.3000030517578
2024-12-07T10:59:45,228.8000030517578
2024-12-07T10:59:54,228.6999969482422
2024-12-07T11:02:10,229.10000610351562
2024-12-07T11:02:20,229
2024-12-07T11:04:36,228.89999389648438
2024-12-07T11:04:46,229.39999389648438
2024-12-07T11:07:04,224.10000610351562
2024-12-07T11:07:13,223.8000030517578
2024-12-07T11:09:30,226.10000610351562
2024-12-07T11:09:40,225.6999969482422
2024-12-07T11:12:00,225.89999389648438
2024-12-07T11:12:10,226
2024-12-07T11:14:27,226.89999389648438
2024-12-07T11:14:37,226.89999389648438
2024-12-07T11:16:53,226.60000610351562
2024-12-07T11:17:02,226.8000030517578
2024-12-07T11:19:19,227.60000610351562
2024-12-07T11:19:29,227.5
2024-12-07T11:21:47,227.89999389648438
2024-12-07T11:21:56,228.3000030517578
2024-12-07T11:24:13,227.3000030517578
2024-12-07T11:24:23,227.39999389648438
2024-12-07T11:26:40,226.3000030517578
2024-12-07T11:26:49,225.10000610351562
2024-12-07T11:29:06,224.8000030517578
2024-12-07T11:29:16,224.6999969482422
2024-12-07T11:31:35,226
2024-12-07T11:31:44,225.5
2024-12-07T11:34:00,226.60000610351562
2024-12-07T11:34:09,226.8000030517578
2024-12-07T11:36:25,226.6999969482422
2024-12-07T11:36:35,226.89999389648438
2024-12-07T11:38:53,226.60000610351562
2024-12-07T11:39:02,226.5
2024-12-07T11:41:19,226
2024-12-07T11:41:29,225.89999389648438
2024-12-07T11:43:44,225.8000030517578
2024-12-07T11:43:54,225.89999389648438
2024-12-07T11:46:12,225.89999389648438
2024-12-07T11:46:22,225.8000030517578
2024-12-07T11:48:40,227.3000030517578
2024-12-07T11:48:49,227.3000030517578
2024-12-07T11:51:07,228.3000030517578
2024-12-07T11:51:16,228.1999969482422
2024-12-07T11:53:37,228.10000610351562
2024-12-07T11:53:46,228.10000610351562
2024-12-07T11:56:04,228.5
2024-12-07T11:56:13,228.6999969482422
2024-12-07T11:58:31,229
2024-12-07T11:58:40,229.10000610351562
2024-12-07T12:00:57,229.89999389648438
2024-12-07T12:01:07,230
2024-12-07T12:03:24,230.5
2024-12-07T12:03:34,230.1999969482422
2024-12-07T12:05:53,229.10000610351562
2024-12-07T12:06:03,229
2024-12-07T12:08:22,228
2024-12-07T12:08:31,226.8000030517578
2024-12-07T12:10:48,226.10000610351562
2024-12-07T12:10:58,226.3000030517578
2024-12-07T12:13:14,225.3000030517578
2024-12-07T12:13:24,226.1999969482422
2024-12-07T12:15:42,226.10000610351562
2024-12-07T12:15:51,226.1999969482422
2024-12-07T12:18:00,226.60000610351562
2024-12-07T12:18:09,226.60000610351562
2024-12-07T12:20:26,226.60000610351562
2024-12-07T12:20:35,226.6999969482422
2024-12-07T12:22:53,225.39999389648438
2024-12-07T12:23:02,225.39999389648438
2024-12-07T12:25:18,229.5
2024-12-07T12:25:27,229.6999969482422
2024-12-07T12:27:43,229.1999969482422
2024-12-07T12:27:52,229.1999969482422
2024-12-07T12:30:10,227.6999969482422
2024-12-07T12:30:20,227.8000030517578
2024-12-07T12:32:39,224.5
2024-12-07T12:32:48,225
2024-12-07T12:35:09,226.6999969482422
2024-12-07T12:35:18,226.60000610351562
2024-12-07T12:37:36,226.60000610351562
2024-12-07T12:37:45,226.6999969482422
2024-12-07T12:40:06,226.8000030517578
2024-12-07T12:40:15,226.8000030517578
2024-12-07T12:42:28,222.1999969482422
2024-12-07T12:42:37,221.8000030517578
2024-12-07T12:44:57,222.60000610351562
2024-12-07T12:45:06,222.5
2024-12-07T12:47:23,221.8000030517578
2024-12-07T12:47:33,221.8000030517578
2024-12-07T12:49:50,226.39999389648438
2024-12-07T12:49:59,226.5
2024-12-07T12:52:15,226.89999389648438
2024-12-07T12:52:24,227.1999969482422
2024-12-07T12:54:42,227.39999389648438
2024-12-07T12:54:52,227.8000030517578
2024-12-07T12:57:09,227
2024-12-07T12:57:18,227.10000610351562
2024-12-07T12:59:38,225.89999389648438
2024-12-07T12:59:47,226.10000610351562
2024-12-07T13:02:06,223.3000030517578
2024-12-07T13:02:16,223.10000610351562
2024-12-07T13:04:34,223.1999969482422
2024-12-07T13:04:44,223.39999389648438
2024-12-07T13:06:57,224.5
2024-12-07T13:07:06,224.10000610351562
2024-12-07T13:09:23,225.60000610351562
2024-12-07T13:09:32,223.60000610351562
2024-12-07T13:11:52,225.39999389648438
2024-12-07T13:12:01,226.6999969482422
2024-12-07T13:14:20,225.10000610351562
2024-12-07T13:14:29,226.1999969482422
2024-12-07T13:16:46,226.3000030517578
2024-12-07T13:16:56,226.8000030517578
2024-12-07T13:19:15,226.8000030517578
2024-12-07T13:19:24,226.3000030517578
2024-12-07T13:21:43,225.8000030517578
2024-12-07T13:21:52,224.6999969482422
2024-12-07T13:24:09,224.8000030517578
2024-12-07T13:24:18,223.6999969482422
2024-12-07T13:26:35,226.3000030517578
2024-12-07T13:26:45,224.89999389648438
2024-12-07T13:29:07,227.10000610351562
2024-12-07T13:29:16,226
2024-12-07T13:31:36,228.8000030517578
2024-12-07T13:31:45,228.5
2024-12-07T13:34:04,228.3000030517578
2024-12-07T13:34:13,228.39999389648438
2024-12-07T13:36:30,224.6999969482422
2024-12-07T13:36:40,225.1999969482422
2024-12-07T13:38:59,225.8000030517578
2024-12-07T13:39:09,225.8000030517578
2024-12-07T13:41:27,225.8000030517578
2024-12-07T13:41:36,225.89999389648438
2024-12-07T13:43:54,227.60000610351562
2024-12-07T13:44:03,226.89999389648438
2024-12-07T13:46:20,226.6999969482422
2024-12-07T13:46:30,226.8000030517578
2024-12-07T13:48:50,229.3000030517578
2024-12-07T13:49:00,229.3000030517578
2024-12-07T13:51:20,225.39999389648438
2024-12-07T13:51:29,225
2024-12-07T13:53:47,227.5
2024-12-07T13:53:56,228
2024-12-07T13:56:13,224.6999969482422
2024-12-07T13:56:22,224.8000030517578
2024-12-07T13:58:40,225.39999389648438
2024-12-07T13:58:49,225.5
2024-12-07T14:01:04,225.6999969482422
2024-12-07T14:01:13,225.39999389648438
2024-12-07T14:03:35,224.6999969482422
2024-12-07T14:03:44,224.8000030517578
2024-12-07T14:06:01,224.39999389648438
2024-12-07T14:06:10,224.60000610351562
2024-12-07T14:08:29,225.8000030517578
2024-12-07T14:08:38,226.1999969482422
2024-12-07T14:10:57,226
2024-12-07T14:11:06,226
2024-12-07T14:13:24,226.60000610351562
2024-12-07T14:13:33,226.6999969482422
2024-12-07T14:15:52,224.89999389648438
2024-12-07T14:16:01,225.39999389648438
2024-12-07T14:18:19,226.6999969482422
2024-12-07T14:18:28,226.89999389648438
2024-12-07T14:20:47,227.6999969482422
2024-12-07T14:20:56,227.60000610351562
2024-12-07T14:23:17,227.10000610351562
2024-12-07T14:23:26,227
2024-12-07T14:25:43,226.5
2024-12-07T14:25:52,226.6999969482422
2024-12-07T14:28:02,227.10000610351562
2024-12-07T14:28:11,226.8000030517578
2024-12-07T14:30:33,228.3000030517578
2024-12-07T14:30:42,228.10000610351562
2024-12-07T14:32:57,228.6999969482422
2024-12-07T14:33:06,228.89999389648438
2024-12-07T14:35:24,229
2024-12-07T14:35:33,228.89999389648438
2024-12-07T14:37:46,228.6999969482422
2024-12-07T14:37:55,228.8000030517578
2024-12-07T14:40:15,229.3000030517578
2024-12-07T14:40:24,229.39999389648438
2024-12-07T14:42:42,228.60000610351562
2024-12-07T14:42:51,229.10000610351562
2024-12-07T14:45:09,228.60000610351562
2024-12-07T14:45:18,228.5
2024-12-07T14:47:37,227.6999969482422
2024-12-07T14:47:46,227
2024-12-07T14:50:07,227.8000030517578
2024-12-07T14:50:16,227.39999389648438
2024-12-07T14:52:34,228.1999969482422
2024-12-07T14:52:43,228.3000030517578
2024-12-07T14:55:00,228.3000030517578
2024-12-07T14:55:09,228.1999969482422
2024-12-07T14:57:29,225.8000030517578
2024-12-07T14:57:38,225.8000030517578
2024-12-07T14:59:57,225.89999389648438
2024-12-07T15:00:06,226
2024-12-07T15:02:26,227.3000030517578
2024-12-07T15:02:35,226.8000030517578
2024-12-07T15:04:53,227.1999969482422
2024-12-07T15:05:02,227
2024-12-07T15:07:22,226.6999969482422
2024-12-07T15:07:31,226.8000030517578
2024-12-07T15:09:49,229.39999389648438
2024-12-07T15:09:58,228.10000610351562
2024-12-07T15:12:15,228.39999389648438
2024-12-07T15:12:24,228.5
2024-12-07T15:14:43,229.1999969482422
2024-12-07T15:14:52,229.1999969482422
2024-12-07T15:17:10,226.10000610351562
2024-12-07T15:17:19,227.10000610351562
2024-12-07T15:19:39,225.60000610351562
2024-12-07T15:19:48,225.5
2024-12-07T15:22:05,226.10000610351562
2024-12-07T15:22:14,226.10000610351562
2024-12-07T15:24:32,225.6999969482422
2024-12-07T15:24:41,225.60000610351562
2024-12-07T15:26:58,227.89999389648438
2024-12-07T15:27:07,228.39999389648438
2024-12-07T15:29:24,227.5
2024-12-07T15:29:33,227.6999969482422
2024-12-07T15:31:53,228.1999969482422
2024-12-07T15:32:02,228
2024-12-07T15:34:21,227.39999389648438
2024-12-07T15:34:30,227.39999389648438
2024-12-07T15:36:49,227.39999389648438
2024-12-07T15:36:58,227.6999969482422
2024-12-07T15:39:15,227.39999389648438
2024-12-07T15:39:24,227.5
2024-12-07T15:41:42,227.6999969482422
2024-12-07T15:41:51,228.3000030517578
2024-12-07T15:44:09,228.8000030517578
2024-12-07T15:44:18,228.60000610351562
2024-12-07T15:46:38,228.60000610351562
2024-12-07T15:46:47,228.89999389648438
2024-12-07T15:49:03,229.3000030517578
2024-12-07T15:49:12,229.3000030517578
2024-12-07T15:51:38,229.10000610351562
2024-12-07T15:51:47,229.10000610351562
2024-12-07T15:54:06,229
2024-12-07T15:54:15,228.8000030517578
2024-12-07T15:56:35,227.8000030517578
2024-12-07T15:56:44,227.5
2024-12-07T15:59:02,228.5
2024-12-07T15:59:11,228.5
2024-12-07T16:01:27,224.1999969482422
2024-12-07T16:01:36,223.89999389648438
2024-12-07T16:03:55,225.89999389648438
2024-12-07T16:04:04,225.8000030517578
